timestamp,latitude,longitude,heading,speed,easting,northing
1429869229.21045,-33.8905047423,151.1941731959,11171.8482580852,5.4724931003,333011.669145756,6248516.8719539
1429869229.21188,-33.8905042612,151.1941733271,11171.748965245,5.4724931003,333011.68033549,6248516.92552263
1429869229.21335,-33.8905037799,151.1941734572,11171.6499236173,5.4724931003,333011.691432491,6248516.97911063
1429869229.21477,-33.8905033655,151.1941735683,11171.5482861271,4.7095458014,333011.700901627,6248517.02524433
1429869229.21943,-33.8905027983,151.1941737003,11171.445638944,5.4724931003,333011.712001919,6248517.0883571
1429869229.22086,-33.8905023164,151.1941738274,11171.3462623663,5.4724931003,333011.722814912,6248517.14200313
1429869229.22231,-33.8905018344,151.1941739534,11171.2432850761,5.4724931003,333011.733533156,6248517.19566818
1429869229.22376,-33.8905014177,151.1941740615,11171.1412288984,4.7285351397,333011.742711327,6248517.24205423
1429869229.22521,-33.8905009352,151.1941741854,11171.0358232207,5.4724931003,333011.753236324,6248517.29575751
1429869229.22669,-33.8905004526,151.1941743083,11170.9311711805,5.4724931003,333011.76366286,6248517.34948
1429869229.22812,-33.8904999698,151.1941744302,11170.8234208528,5.4724931003,333011.7739898,6248517.40322172
1429869229.2296,-33.8904995524,151.1941745345,11170.7125722376,4.7285351397,333011.782824246,6248517.44967446
1429869229.23103,-33.8904990692,151.1941746541,11170.6009699849,5.4724931003,333011.792944265,6248517.50345552
1429869229.23247,-33.8904985858,151.1941747726,11170.4905400571,5.4724931003,333011.802960058,6248517.5572561
1429869229.23711,-33.8904980229,151.1941749015,11170.375804985,5.4724931003,333011.813786117,6248517.61988771
1429869229.23855,-33.8904976066,151.1941750015,11170.2614393948,4.7095458014,333011.822221949,6248517.66622149
1429869229.24002,-33.8904971917,151.1941751001,11170.1427194546,4.6907083717,333011.830530153,6248517.71238693
1429869229.24147,-33.8904967075,151.1941752139,11170.0234970894,5.4724931003,333011.840111201,6248517.76626663
1429869229.24289,-33.8904962232,151.1941753265,11169.9056145242,5.4724931003,333011.849580744,6248517.82016603
1429869229.24432,-33.8904958061,151.1941754224,11169.784717409,4.7095458014,333011.857633419,6248517.86656794
1429869229.24579,-33.8904953889,151.1941755172,11169.6642389813,4.7095458014,333011.865588336,6248517.9129867
1429869229.24727,-33.890494904,151.1941756261,11169.5435930786,5.4724931003,333011.874718432,6248517.96694464
1429869229.2487,-33.8904944881,151.1941757184,11169.4195976759,4.6907083717,333011.882445472,6248518.01321091
1429869229.25014,-33.8904940705,151.1941758101,11169.2990355106,4.7095458014,333011.89010439,6248518.05967943
1429869229.25477,-33.8904935704,151.1941759192,11169.1741526015,4.7095458014,333011.899219955,6248518.11531121
1429869229.25622,-33.8904930847,151.1941760231,11169.0490686112,5.4724931003,333011.907886095,6248518.1693456
1429869229.25781,-33.8904926682,151.1941761111,11168.9200489585,4.6907083717,333011.915211493,6248518.21567716
1429869229.25923,-33.8904922498,151.1941761983,11168.7906943558,4.7095458014,333011.922461406,6248518.26221124
1429869229.26065,-33.8904918313,151.1941762844,11168.6604186406,4.7095458014,333011.929605868,6248518.30876163
1429869229.26213,-33.8904914144,151.194176369,11168.5293055504,4.6907083717,333011.936615975,6248518.35514194
1429869229.26355,-33.8904909972,151.1941764524,11168.3960990227,4.6907083717,333011.943519083,6248518.40153829
1429869229.26499,-33.8904905782,151.194176535,11168.2576170325,4.7095458014,333011.950339449,6248518.44813727
1429869229.26648,-33.8904901607,151.194176616,11168.1198049423,4.6907083717,333011.957020608,6248518.49456611
1429869229.2679,-33.8904897431,151.1941766959,11167.980653052,4.6907083717,333011.963589532,6248518.54101095
1429869229.26934,-33.8904893253,151.1941767745,11167.8367281243,4.6907083717,333011.970043702,6248518.58747188
1429869229.27409,-33.8904888214,151.1941768714,11167.6911134718,4.7095458014,333011.978024929,6248518.64350808
1429869229.27552,-33.8904884033,151.1941769474,11167.5450113691,4.6907083717,333011.984243348,6248518.69000115
1429869229.27698,-33.8904879833,151.1941770225,11167.3973182539,4.7095458014,333011.990367039,6248518.73669679
1429869229.27846,-33.8904876346,151.1941770837,11167.2491227137,3.9089236431,333011.995349611,6248518.77546717
1429869229.27988,-33.8904872143,151.1941771562,11167.095316761,4.7095458014,333012.001229582,6248518.82219412
1429869229.28131,-33.8904867955,151.194177227,11166.9408409082,4.6907083717,333012.006960807,6248518.86874976
1429869229.2828,-33.8904863749,151.1941772967,11166.7853602055,4.7095458014,333012.012588595,6248518.91550776
1429869229.28422,-33.8904859558,151.1941773647,11166.6287071778,4.6907083717,333012.018066998,6248518.96209383
1429869229.28572,-33.8904855349,151.1941774317,11166.4715517251,4.7095458014,333012.023439293,6248519.00888186
1429869229.28717,-33.8904851155,151.194177497,11166.3158198099,4.6907083717,333012.028662839,6248519.05549719
1429869229.29177,-33.8904846166,151.1941775909,11166.1521326982,4.6907083717,333012.036375129,6248519.11098369
1429869229.29319,-33.8904841969,151.1941776534,11165.9887806705,4.6907083717,333012.041335617,6248519.15762774
1429869229.29463,-33.8904838456,151.1941777045,11165.8248424803,3.9246215011,333012.045374476,6248519.19666558
1429869229.29608,-33.8904834256,151.1941777641,11165.6592295401,4.6907083717,333012.050067518,6248519.24333731
1429869229.29753,-33.8904830055,151.1941778222,11165.4949563999,4.6907083717,333012.054626183,6248519.29002235
1429869229.29896,-33.8904825852,151.1941778789,11165.3291759847,4.6907083717,333012.059050364,6248519.33672033
1429869229.30038,-33.8904822335,151.1941779252,11165.1649028445,3.9246215011,333012.062639437,6248519.37580209
1429869229.30183,-33.8904818831,151.19417797,11164.9973639418,3.9089236431,333012.066101426,6248519.41473771
1429869229.30326,-33.8904814624,151.1941780223,11164.8294063516,4.6907083717,333012.070119003,6248519.46147243
1429869229.30791,-33.8904809533,151.1941781021,11164.6617745783,4.7095458014,333012.076503818,6248519.51805753
1429869229.30935,-33.8904805307,151.1941781516,11164.4966640631,4.7095458014,333012.080263797,6248519.56500265
1429869229.31077,-33.8904801799,151.1941781915,11164.3288739479,3.9089236431,333012.083271371,6248519.60397601
1429869229.3122,-33.8904798289,151.1941782302,11164.1601627202,3.9089236431,333012.086164486,6248519.64295804
1429869229.31368,-33.890479406,151.1941782753,11163.990362905,4.7095458014,333012.089511409,6248519.68993442
1429869229.31511,-33.8904789829,151.1941783189,11163.8200606648,4.7095458014,333012.092718894,6248519.73692052
1429869229.31656,-33.8904786317,151.1941783539,11163.6519355996,3.9089236431,333012.095265921,6248519.77592669
1429869229.318,-33.8904782804,151.1941783876,11163.4876624593,3.9089236431,333012.09769979,6248519.81494008
1429869229.31942,-33.8904778587,151.1941784266,11163.3203747691,4.6907083717,333012.100484963,6248519.86176441
1429869229.32085,-33.8904774353,151.1941784643,11163.1509936414,4.7095458014,333012.103143188,6248519.90878478
1429869229.32546,-33.8904769272,151.1941785224,11162.9818150314,4.6907083717,333012.107529241,6248519.96522478
1429869229.32691,-33.8904765756,151.1941785512,11162.8169557287,3.9089236431,333012.109506461,6248520.00426397
1429869229.32834,-33.8904762239,151.1941785788,11162.649751776,3.9089236431,333012.111370546,6248520.04330874
1429869229.32979,-33.8904758693,151.1941786053,11162.4839713608,3.9404459498,333012.113135283,6248520.08267366
1429869229.33121,-33.8904754472,151.1941786355,11162.3168511455,4.6907083717,333012.115099884,6248520.12953958
1429869229.33264,-33.8904750953,151.1941786593,11162.1481399178,3.9089236431,333012.116622587,6248520.16859915
1429869229.33407,-33.8904747434,151.194178682,11161.9834480901,3.9089236431,333012.11803164,6248520.20766298
1429869229.33551,-33.8904743886,151.1941787036,11161.8213521249,3.9404459498,333012.119339752,6248520.24704572
1429869229.33696,-33.8904740366,151.1941787239,11161.6542319097,3.9089236431,333012.120525154,6248520.28611698
1429869229.33842,-33.8904736141,151.1941787467,11161.487027957,4.6907083717,333012.121810841,6248520.33300644
1429869229.343,-33.8904731792,151.1941787915,11161.3166358328,3.9089236431,333012.125109076,6248520.38130862
1429869229.34442,-33.8904728242,151.1941788082,11161.1507716801,3.9404459498,333012.125957475,6248520.42070394
1429869229.34586,-33.890472472,151.1941788234,11160.9818929774,3.9089236431,333012.126684923,6248520.45978641
1429869229.34734,-33.8904721197,151.1941788375,11160.8086599247,3.9089236431,333012.127295688,6248520.49887087
1429869229.34876,-33.890471697,151.1941788528,11160.6375203095,4.6907083717,333012.127887654,6248520.54577422
1429869229.35022,-33.8904713433,151.1941788643,11160.4639523068,3.9246215011,333012.128264889,6248520.58501863
1429869229.35165,-33.890470991,151.1941788745,11160.2849413666,3.9089236431,333012.128520348,6248520.62410703
1429869229.35308,-33.8904706386,151.1941788834,11160.1093636639,3.9089236431,333012.128654853,6248520.66319603
1429869229.35452,-33.8904702863,151.194178891,11159.9354607111,3.9089236431,333012.128670143,6248520.70228527
1429869229.35595,-33.8904698617,151.1941788986,11159.7576220959,4.7095458014,333012.128544005,6248520.74938056
1429869229.36057,-33.8904694267,151.1941789232,11159.5839803541,3.9246215011,333012.129975948,6248520.79766261
1429869229.36204,-33.8904690743,151.194178927,11159.4106635639,3.9089236431,333012.129633007,6248520.83675035
1429869229.36346,-33.8904687218,151.1941789294,11159.2342484862,3.9089236431,333012.129170773,6248520.87583685
1429869229.36489,-33.890468368,151.1941789305,11159.0596756335,3.9246215011,333012.128586484,6248520.91507871
1429869229.36632,-33.8904680849,151.1941789304,11158.8822557058,3.1396972009,333012.128022624,6248520.94647062
1429869229.36778,-33.8904677325,151.1941789289,11158.7074316406,3.9089236431,333012.127200484,6248520.98555121
1429869229.3692,-33.8904673801,151.1941789262,11158.5343660628,3.9089236431,333012.126259702,6248521.02462913
1429869229.37064,-33.8904670263,151.1941789221,11158.3591233101,3.9246215011,333012.125195891,6248521.06386092
1429869229.37207,-33.8904666739,151.1941789168,11158.1816196449,3.9089236431,333012.124016055,6248521.10293235
1429869229.37352,-33.8904663215,151.1941789102,11157.9982543547,3.9089236431,333012.122713183,6248521.14199986
1429869229.37651,-33.8904658922,151.1941789177,11157.8193557844,3.9089236431,333012.122577999,6248521.18961905
1429869229.37798,-33.8904655384,151.1941789084,11157.6410147442,3.9246215011,333012.121023638,6248521.22883447
1429869229.3794,-33.8904651861,151.1941788978,11157.458151879,3.9089236431,333012.119352386,6248521.26788796
1429869229.38083,-33.8904648338,151.1941788858,11157.2766288138,3.9089236431,333012.117556957,6248521.30693594
1429869229.38227,-33.8904644816,151.1941788724,11157.0971154486,3.9089236431,333012.115638511,6248521.34597808
1429869229.3837,-33.8904641987,151.1941788607,11156.9120754084,3.1396972009,333012.113997835,6248521.37733215
1429869229.38512,-33.8904638465,151.1941788446,11156.7254443557,3.9089236431,333012.111828594,6248521.41636115
1429869229.38663,-33.890463493,151.1941788272,11156.5397344155,3.9246215011,333012.109523327,6248521.4555396
1429869229.38808,-33.8904631409,151.1941788084,11156.3495863877,3.9089236431,333012.107099303,6248521.49455361
1429869229.38952,-33.8904627874,151.1941787881,11156.1593546225,3.9246215011,333012.104535534,6248521.53371599
1429869229.39248,-33.8904624295,151.1941787815,11155.9698455088,3.1271389144,333012.103228565,6248521.57339399
1429869229.39392,-33.8904621469,151.1941787631,11155.7797812186,3.1396972009,333012.100969996,6248521.60470962
1429869229.39534,-33.8904617951,151.1941787387,11155.5890470284,3.9089236431,333012.098028531,6248521.64368802
1429869229.39677,-33.8904614419,151.1941787128,11155.3967218257,3.9246215011,333012.09494445,6248521.68281287
1429869229.39825,-33.8904610902,151.1941786856,11155.203559248,3.9089236431,333012.091741632,6248521.72177067
1429869229.3997,-33.8904608089,151.1941786626,11155.0107316202,3.1271389144,333012.089074411,6248521.75292811
1429869229.40121,-33.8904605277,151.1941786386,11154.80827418,3.1271389144,333012.086299729,6248521.78407616
1429869229.40265,-33.8904602454,151.1941786132,11154.6091662398,3.1396972009,333012.083404331,6248521.81533934
1429869229.40408,-33.890459894,151.1941785802,11154.4093883996,3.9089236431,333012.079664094,6248521.85424922
1429869229.40555,-33.8904595428,151.1941785456,11154.2040838844,3.9089236431,333012.075786333,6248521.89314564
1429869229.40698,-33.8904591916,151.1941785096,11153.9997842192,3.9089236431,333012.071769564,6248521.93202795
1429869229.41044,-33.8904588385,151.1941784817,11153.7975652092,3.1396972009,333012.068495736,6248521.97114398
1429869229.41187,-33.8904585578,151.1941784505,11153.5933492814,3.1271389144,333012.065061727,6248522.00222625
1429869229.41334,-33.8904582771,151.194178418,11153.3855326412,3.1271389144,333012.061515979,6248522.03329597
1429869229.41477,-33.890457925,151.1941783758,11153.1808142885,3.9246215011,333012.056925648,6248522.07227281
1429869229.4162,-33.8904575731,151.1941783321,11152.9720765358,3.9246215011,333012.052194714,6248522.11123284
1429869229.41768,-33.8904572927,151.194178296,11152.7623339331,3.1271389144,333012.048311763,6248522.14226222
1429869229.41912,-33.8904570125,151.1941782587,11152.5540148679,3.1271389144,333012.044315635,6248522.17327723
1429869229.42059,-33.8904567313,151.19417822,11152.3425137777,3.1396972009,333012.040189402,6248522.20440188
1429869229.42205,-33.8904564502,151.1941781801,11152.1321850124,3.1396972009,333012.035948622,6248522.23551114
1429869229.42348,-33.8904561003,151.1941781288,11151.9234472597,3.9089236431,333012.030527245,6248522.27422259
1429869229.42647,-33.8904556744,151.1941780752,11151.7082055826,3.9089236431,333012.024734781,6248522.32137208
1429869229.42792,-33.8904553948,151.1941780317,11151.4967882299,3.1271389144,333012.02016791,6248522.3523082
1429869229.42937,-33.8904551142,151.1941779868,11151.2870456272,3.1396972009,333012.015468574,6248522.38335149
1429869229.43083,-33.8904548349,151.1941779409,11151.077051812,3.1271389144,333012.010674812,6248522.41425327
1429869229.43226,-33.8904545557,151.1941778937,11150.8625361717,3.1271389144,333012.005766607,6248522.44513707
1429869229.43372,-33.8904542069,151.1941778331,11150.6473506315,3.9089236431,333011.999486631,6248522.48371855
1429869229.43515,-33.8904538555,151.1941777705,11150.4296529663,3.9404459498,333011.993009137,6248522.52258696
1429869229.43658,-33.8904535768,151.1941777195,11150.2137975261,3.1271389144,333011.987751928,6248522.55341327
1429869229.43814,-33.8904532982,151.1941776673,11149.9957649109,3.1271389144,333011.982378037,6248522.58421946
1429869229.44151,-33.8904529498,151.1941776051,11149.7756647131,3.1271389144,333011.975951306,6248522.62275326
1429869229.44317,-33.8904526694,151.1941775499,11149.5537801729,3.1523567598,333011.970295726,6248522.65376535
1429869229.44466,-33.8904523218,151.1941774798,11149.3299696702,3.9089236431,333011.963133291,6248522.69219279
1429869229.44613,-33.8904519745,151.194177408,11149.100883705,3.9089236431,333011.955819037,6248522.73059162
1429869229.44761,-33.8904516969,151.1941773493,11148.8695368272,3.1271389144,333011.949844252,6248522.76128692
1429869229.44908,-33.8904514172,151.1941772887,11148.636933887,3.1523567598,333011.943696055,6248522.79220512
1429869229.45055,-33.8904511399,151.1941772272,11148.3987205343,3.1271389144,333011.937471077,6248522.82285067
1429869229.45198,-33.8904508629,151.1941771644,11148.1604234441,3.1271389144,333011.931118719,6248522.85347006
1429869229.45344,-33.8904505169,151.1941770841,11147.9229637289,3.9089236431,333011.923019436,6248522.89171101
1429869229.45488,-33.8904501698,151.1941770018,11147.6824894637,3.9246215011,333011.914727563,6248522.93007128
1429869229.45808,-33.8904498297,151.1941769263,11147.4374909186,3.1271389144,333011.907087949,6248522.9676598
1429869229.45953,-33.8904495536,151.1941768579,11147.1981052409,3.1271389144,333011.90022253,6248522.99816825
1429869229.46096,-33.8904492778,151.1941767881,11146.9565423882,3.1271389144,333011.893229125,6248523.02864762
1429869229.4624,-33.890449001,151.1941767166,11146.715063273,3.1396972009,333011.886078702,6248523.05921953
1429869229.46383,-33.8904486554,151.1941766255,11146.4724955703,3.9246215011,333011.876979329,6248523.09739631
1429869229.4653,-33.8904483116,151.194176533,11146.2279181675,3.9089236431,333011.867754788,6248523.13538152
1429869229.46674,-33.8904480367,151.1941764576,11145.9853504648,3.1271389144,333011.860246039,6248523.16573804
1429869229.46817,-33.890447761,151.1941763805,11145.7445412496,3.1396972009,333011.852578636,6248523.1961844
1429869229.46965,-33.8904474856,151.1941763021,11145.5051555719,3.1396972009,333011.844783716,6248523.22659836
1429869229.47108,-33.8904472116,151.1941762225,11145.2651837317,3.1271389144,333011.836893324,6248523.25685793
1429869229.47407,-33.8904468733,151.1941761318,11145.0209710328,3.1271389144,333011.82784771,6248523.29422368
1429869229.4755,-33.8904465301,151.1941760285,11144.7808317176,3.9246215011,333011.81762449,6248523.33211499
1429869229.47694,-33.890446257,151.1941759449,11144.5485637274,3.1271389144,333011.80935423,6248523.36227295
1429869229.47839,-33.8904459841,151.1941758599,11144.3126950247,3.1271389144,333011.800960836,6248523.39239687
1429869229.47987,-33.8904457115,151.1941757735,11144.074816622,3.1271389144,333011.792442975,6248523.42248584
1429869229.4814,-33.8904454381,151.1941756854,11143.8384454943,3.1396972009,333011.783765955,6248523.45265999
1429869229.48284,-33.8904451661,151.1941755964,11143.6069311416,3.1271389144,333011.775001003,6248523.4826779
1429869229.48427,-33.8904448252,151.194175483,11143.3726534513,3.9246215011,333011.763847772,6248523.52030596
1429869229.48575,-33.8904445538,151.1941753913,11143.1373709111,3.1271389144,333011.754838094,6248523.55025134
1429869229.48718,-33.8904442816,151.1941752979,11142.9059402959,3.1396972009,333011.745669856,6248523.58027988
1429869229.49025,-33.8904439551,151.1941751857,11142.6689284953,3.1271389144,333011.734655443,6248523.61631032
1429869229.49175,-33.8904436836,151.1941750896,11142.4398425301,3.1396972009,333011.725242619,6248523.64626309
1429869229.49318,-33.8904434135,151.1941749926,11142.2033876649,3.1271389144,333011.715746322,6248523.67605772
1429869229.49465,-33.8904430749,151.1941748693,11141.9685238122,3.9246215011,333011.703674584,6248523.71340125
1429869229.49608,-33.8904428055,151.1941747696,11141.728886922,3.1271389144,333011.693932694,6248523.74311648
1429869229.49752,-33.8904425354,151.1941746682,11141.4789503193,3.1396972009,333011.684024308,6248523.77290899
1429869229.49897,-33.8904422667,151.1941745657,11141.2332843291,3.1271389144,333011.67402731,6248523.80253938
1429869229.50041,-33.8904419973,151.1941744615,11140.9877858139,3.1396972009,333011.663862746,6248523.83224547
1429869229.50185,-33.8904417294,151.1941743563,11140.7323225361,3.1271389144,333011.653609589,6248523.86178819
1429869229.50328,-33.8904413949,151.194174223,11140.4816322959,3.9089236431,333011.640630154,6248523.89865962
1429869229.50635,-33.8904410766,151.1941740954,11140.2253765544,3.1271389144,333011.628212279,6248523.9337581
1429869229.50779,-33.8904408087,151.1941739855,11139.9740164142,3.1396972009,333011.617525236,6248523.96328024
1429869229.50927,-33.8904405424,151.1941738747,11139.7262569865,3.1271389144,333011.606752966,6248523.99263766
1429869229.51071,-33.8904402764,151.1941737624,11139.4727196713,3.1271389144,333011.595852372,6248524.02194767
1429869229.51214,-33.8904400098,151.1941736483,11139.2189311435,3.1396972009,333011.584777826,6248524.05132665
1429869229.51361,-33.8904396771,151.1941735039,11138.9691620158,3.9246215011,333011.570773401,6248524.08798918
1429869229.51505,-33.8904393463,151.1941733583,11138.7203140006,3.9089236431,333011.556666233,6248524.12444403
1429869229.51648,-33.890439082,151.1941732405,11138.4742293229,3.1271389144,333011.545254643,6248524.1535589
1429869229.51795,-33.8904388171,151.1941731208,11138.2324152577,3.1396972009,333011.533672868,6248524.18274164
1429869229.51941,-33.8904385526,151.1941729999,11137.9937832175,3.1396972009,333011.521968841,6248524.21187556
1429869229.5224,-33.8904382451,151.1941728499,11137.7503139627,3.1271389144,333011.507499784,6248524.24572918
1429869229.52383,-33.8904379169,151.194172696,11137.5126867725,3.9089236431,333011.492623905,6248524.28187716
1429869229.52526,-33.8904375892,151.1941725404,11137.2745571573,3.9089236431,333011.477598078,6248524.31796307
1429869229.5267,-33.8904373265,151.1941724141,11137.035757642,3.1396972009,333011.465408613,6248524.34689725
1429869229.52814,-33.8904370652,151.1941722871,11136.7991353018,3.1271389144,333011.453148445,6248524.37566508
1429869229.52963,-33.8904368044,151.1941721587,11136.5593309366,3.1271389144,333011.440768779,6248524.40438169
1429869229.53106,-33.890436544,151.194172029,11136.3175168714,3.1271389144,333011.428268528,6248524.43304602
1429869229.53249,-33.8904362178,151.1941718647,11136.0769588687,3.9246215011,333011.412429172,6248524.46895396
1429869229.53393,-33.8904358935,151.1941716993,11135.8369870285,3.9089236431,333011.396503335,6248524.5046518
1429869229.53537,-33.8904356345,151.1941715657,11135.5920746758,3.1271389144,333011.383641938,6248524.53315591
1429869229.53835,-33.8904353369,151.194171405,11135.3406559216,3.1271389144,333011.368205088,6248524.56589584
1429869229.53982,-33.8904350768,151.1941712676,11135.0923940689,3.1523567598,333011.354990716,6248524.59451604
1429869229.54126,-33.8904348193,151.19417113,11134.8455557537,3.1271389144,333011.341759511,6248524.62285038
1429869229.54271,-33.8904345623,151.194170991,11134.596456526,3.1271389144,333011.328405803,6248524.6511272
1429869229.54414,-33.8904342416,151.1941708156,11134.3435053733,3.9089236431,333011.31155897,6248524.68639974
1429869229.54558,-33.8904339836,151.1941706728,11134.101021408,3.1523567598,333011.297849962,6248524.71478633
1429869229.54705,-33.890433728,151.1941705299,11133.8664925053,3.1271389144,333011.28413352,6248524.74288898
1429869229.54849,-33.890433473,151.1941703857,11133.6235898526,3.1271389144,333011.270300111,6248524.77093424
1429869229.54996,-33.8904332185,151.1941702402,11133.3784262874,3.1271389144,333011.256347378,6248524.79892033
1429869229.55139,-33.8904329635,151.1941700928,11133.1412177847,3.1396972009,333011.242220456,6248524.82695959
1429869229.55282,-33.8904326467,151.1941699078,11132.897477757,3.9089236431,333011.224486077,6248524.86179434
1429869229.55581,-33.8904323662,151.1941697568,11132.6376866062,3.1271389144,333011.209981113,6248524.89265752
1429869229.55724,-33.8904321138,151.1941696061,11132.3780364534,3.1271389144,333011.195545398,6248524.92039756
1429869229.55871,-33.890431861,151.1941694534,11132.1400743132,3.1396972009,333011.180930904,6248524.9481858
1429869229.56016,-33.8904316087,151.1941692994,11131.901777223,3.1396972009,333011.166201044,6248524.97591306
1429869229.56163,-33.890431358,151.1941691448,11131.6609680078,3.1271389144,333011.151414766,6248525.00346784
1429869229.56306,-33.8904310453,151.19416895,11131.4199913176,3.9089236431,333011.132787269,6248525.0378333
1429869229.5645,-33.8904307946,151.1941687923,11131.1812755399,3.1396972009,333011.11771001,6248525.0653732
1429869229.56595,-33.8904305445,151.1941686332,11130.9354420747,3.1396972009,333011.102516433,6248525.0928491
1429869229.56738,-33.890430296,151.1941684736,11130.6849193095,3.1271389144,333011.087265235,6248525.1201493
1429869229.5688,-33.8904300481,151.1941683126,11130.4323868443,3.1271389144,333011.071894336,6248525.14738228
1429869229.5718,-33.8904297779,151.1941681504,11130.1872049929,3.1396972009,333011.056367628,6248525.1770852
1429869229.57326,-33.8904295301,151.1941679862,11129.9463957777,3.1396972009,333011.040700853,6248525.20429406
1429869229.57475,-33.8904292839,151.1941678215,11129.7015671625,3.1271389144,333011.024982035,6248525.23132771
1429869229.57617,-33.8904290383,151.1941676554,11129.4531378348,3.1271389144,333011.009146996,6248525.25829346
1429869229.57766,-33.8904287923,151.1941674874,11129.2050434571,3.1396972009,333010.993131203,6248525.28529835
1429869229.57909,-33.890428548,151.1941673188,11128.9503338169,3.1271389144,333010.977061607,6248525.31212497
1429869229.58054,-33.8904283042,151.1941671489,11128.6944518517,3.1271389144,333010.960872638,6248525.33887973
1429869229.5821,-33.8904280611,151.1941669777,11128.4375650365,3.1271389144,333010.944564111,6248525.36556178
1429869229.58356,-33.8904277568,151.1941667612,11128.1874609587,3.9246215011,333010.92394863,6248525.3989574
1429869229.58498,-33.8904275149,151.1941665874,11127.941376281,3.1271389144,333010.907407146,6248525.42549566
1429869229.58803,-33.8904272551,151.1941664139,11127.6960510429,3.1396972009,333010.890849362,6248525.45402262
1429869229.58953,-33.8904270145,151.1941662376,11127.4478729277,3.1271389144,333010.874080395,6248525.48041772
1429869229.59098,-33.8904267736,151.1941660594,11127.194921775,3.1396972009,333010.857128353,6248525.50684495
1429869229.5924,-33.8904265343,151.1941658806,11126.9395422347,3.1271389144,333010.84012752,6248525.53309131
1429869229.59385,-33.8904262947,151.1941656999,11126.683744007,3.1396972009,333010.822941032,6248525.55936667
1429869229.5953,-33.8904260568,151.1941655185,11126.4276945668,3.1271389144,333010.805706563,6248525.58546021
1429869229.59673,-33.8904258186,151.1941653352,11126.1775904891,3.1396972009,333010.788287333,6248525.61158185
1429869229.59818,-33.8904255819,151.1941651514,11125.9328456114,3.1271389144,333010.770825587,6248525.63752385
1429869229.5996,-33.890425346,151.1941649664,11125.6911990212,3.1271389144,333010.753253887,6248525.66339149
1429869229.60105,-33.8904251106,151.1941647801,11125.447542731,3.1271389144,333010.735572793,6248525.68918449
1429869229.60406,-33.8904248624,151.194164594,11125.2010178866,3.1396972009,333010.71787146,6248525.71641475
1429869229.6055,-33.8904246284,151.1941644053,11124.9514162339,3.1271389144,333010.699969019,6248525.74205461
1429869229.60697,-33.8904243951,151.1941642155,11124.6971252811,3.1271389144,333010.681954006,6248525.7676155
1429869229.60841,-33.8904241626,151.1941640243,11124.4338744159,3.1271389144,333010.663823734,6248525.79309477
1429869229.60987,-33.8904239298,151.1941638311,11124.1686975882,3.1396972009,333010.645502879,6248525.81859214
1429869229.61136,-33.8904236987,151.1941636374,11123.9065353105,3.1271389144,333010.627138631,6248525.84390329
1429869229.61291,-33.8904234684,151.1941634425,11123.6426982828,3.1271389144,333010.608658394,6248525.86912988
1429869229.61441,-33.8904232379,151.1941632454,11123.3790287301,3.1396972009,333010.589987545,6248525.89437209
1429869229.61584,-33.8904230081,151.1941630471,11123.1161128149,3.1396972009,333010.571200898,6248525.91952824
1429869229.61727,-33.8904227801,151.1941628484,11122.8472515372,3.1271389144,333010.552373323,6248525.94449666
1429869229.62032,-33.8904225532,151.1941626471,11122.5823100812,3.1271389144,333010.5333137,6248525.96932752
1429869229.62176,-33.8904223258,151.194162445,11122.3213201284,3.1396972009,333010.514179493,6248525.99422033
1429869229.62319,-33.8904220991,151.1941622416,11122.0584879507,3.1396972009,333010.494931697,6248526.01902541
1429869229.62462,-33.8904218742,151.1941620379,11121.7975817355,3.1271389144,333010.475648171,6248526.0436434
1429869229.62608,-33.8904216499,151.1941618329,11121.5431233078,3.1271389144,333010.456254123,6248526.06817442
1429869229.6275,-33.8904214265,151.1941616268,11121.2999694426,3.1271389144,333010.436753734,6248526.09262098
1429869229.62893,-33.8904212028,151.1941614187,11121.0614211399,3.1396972009,333010.417072028,6248526.1170832
1429869229.6304,-33.8904209808,151.1941612103,11120.8235427372,3.1271389144,333010.397367919,6248526.14136587
1429869229.63183,-33.8904207595,151.1941610008,11120.5824823095,3.1271389144,333010.377562491,6248526.16556597
1429869229.63481,-33.8904205457,151.1941607802,11120.347850246,3.1271389144,333010.356748066,6248526.1889207
1429869229.63624,-33.8904203241,151.1941605669,11120.1217788308,3.1523567598,333010.336584245,6248526.213152
1429869229.6377,-33.8904201049,151.1941603542,11119.9046673281,3.1271389144,333010.316488913,6248526.23711191
1429869229.63913,-33.8904198864,151.1941601406,11119.6883094629,3.1271389144,333010.29630309,6248526.26099564
1429869229.64061,-33.8904196686,151.1941599259,11119.4782319102,3.1271389144,333010.276028528,6248526.28480408
1429869229.64205,-33.8904194496,151.1941597086,11119.2699965825,3.1523567598,333010.255502991,6248526.30872975
1429869229.64358,-33.8904192331,151.1941594921,11119.0623474173,3.1271389144,333010.235055649,6248526.33238996
1429869229.64501,-33.8904190172,151.1941592746,11118.8554518895,3.1271389144,333010.214522847,6248526.35597606
1429869229.64648,-33.8904188558,151.1941591108,11118.6476352493,2.3453541858,333010.199059327,6248526.37360978
1429869229.64794,-33.8904186395,151.1941588897,11118.4433355841,3.1523567598,333010.178189929,6248526.39723611
1429869229.65101,-33.8904184378,151.1941586592,11118.2382442952,3.1271389144,333010.156475103,6248526.41922892
1429869229.65246,-33.8904182246,151.194158438,11118.02992523,3.1271389144,333010.135604901,6248526.442517
1429869229.65393,-33.890418012,151.1941582159,11117.8191777773,3.1271389144,333010.114649674,6248526.4657286
1429869229.65536,-33.8904177993,151.194157992,11117.6075092121,3.1396972009,333010.093524527,6248526.48895569
1429869229.65678,-33.8904175881,151.194157768,11117.3937472093,3.1271389144,333010.072398136,6248526.51201161
1429869229.65823,-33.8904174302,151.1941575993,11117.1786454066,2.3453541858,333010.056488738,6248526.52924413
1429869229.6597,-33.8904172729,151.1941574299,11116.9585193539,2.3453541858,333010.040514004,6248526.5464161
1429869229.66116,-33.890417063,151.1941572021,11116.7332015762,3.1396972009,333010.019039624,6248526.5693207
1429869229.66262,-33.8904168539,151.1941569733,11116.5038643985,3.1396972009,333009.997474536,6248526.59213992
1429869229.66418,-33.8904166464,151.1941567445,11116.2742760083,3.1271389144,333009.975904856,6248526.61478167
1429869229.66723,-33.8904164521,151.1941565105,11116.0444573844,3.1271389144,333009.953887174,6248526.63594873
1429869229.66865,-33.890416297,151.1941563367,11115.8179672817,2.3547729007,333009.937509222,6248526.6528679
1429869229.67012,-33.8904161424,151.1941561621,11115.5913934415,2.3547729007,333009.921064505,6248526.66972218
1429869229.67161,-33.8904159891,151.1941559875,11115.3571994888,2.3453541858,333009.904618198,6248526.68644305
1429869229.67307,-33.8904157854,151.1941557537,11115.1189023986,3.1271389144,333009.882598048,6248526.70864695
1429869229.67456,-33.8904155818,151.194155518,11114.8888115834,3.1396972009,333009.860398531,6248526.73084945
1429869229.67599,-33.8904153797,151.1941552822,11114.6536127807,3.1271389144,333009.8381982,6248526.75287319
1429869229.67745,-33.8904151785,151.1941550454,11114.4143945779,3.1271389144,333009.815906879,6248526.77480483
1429869229.6789,-33.8904150282,151.1941548671,11114.1797819377,2.3453541858,333009.799120517,6248526.79118429
1429869229.68034,-33.8904148778,151.1941546873,11113.954631635,2.3547729007,333009.782200898,6248526.80756178
1429869229.68181,-33.8904147287,151.1941545075,11113.7339194198,2.3453541858,333009.765285613,6248526.82380806
1429869229.68479,-33.8904145483,151.1941542682,11113.5122916375,3.1271389144,333009.742796552,6248526.84342585
1429869229.68628,-33.890414351,151.1941540267,11113.2935053848,3.1271389144,333009.720076639,6248526.86491318
1429869229.68774,-33.8904141537,151.1941537833,11113.0820042946,3.1396972009,333009.697184639,6248526.886401
1429869229.68933,-33.8904139579,151.1941535401,11112.8700845169,3.1271389144,333009.674305278,6248526.90771847
1429869229.6909,-33.890413811,151.1941533562,11112.6577460517,2.3547729007,333009.657017533,6248526.92370688
1429869229.69244,-33.8904136653,151.1941531725,11112.4567958864,2.3453541858,333009.639741615,6248526.93956914
1429869229.69391,-33.8904135195,151.1941529874,11112.2629634087,2.3547729007,333009.622341554,6248526.95543525
1429869229.69534,-33.8904133748,151.1941528025,11112.067958606,2.3453541858,333009.604957569,6248526.971179
1429869229.6968,-33.8904131818,151.1941525542,11111.8744610783,3.1396972009,333009.581614518,6248526.99217595
1429869229.69829,-33.8904129903,151.1941523061,11111.6824708256,3.1271389144,333009.558294616,6248527.01301058
1429869229.7013,-33.8904128109,151.1941520542,11111.4908845208,3.1396972009,333009.534653354,6248527.03249546
1429869229.70278,-33.8904126208,151.1941518046,11111.3024949806,3.1271389144,333009.511195144,6248527.05317424
1429869229.70421,-33.8904124787,151.1941516168,11111.1088299779,2.3453541858,333009.493549877,6248527.06862459
1429869229.70571,-33.8904123372,151.1941514284,11110.9251297377,2.3453541858,333009.475853825,6248527.08401674
1429869229.70718,-33.8904121955,151.1941512388,11110.7424343475,2.3547729007,333009.458037385,6248527.09941382
1429869229.70861,-33.890412055,151.1941510493,11110.5608275447,2.3453541858,333009.440243545,6248527.11469282
1429869229.71013,-33.8904118683,151.194150796,11110.3786345795,3.1271389144,333009.416453868,6248527.1349894
1429869229.71158,-33.8904116814,151.194150541,11110.1975302018,3.1396972009,333009.392504169,6248527.15529166
1429869229.713,-33.8904114953,151.1941502853,11110.0145835991,3.1396972009,333009.368490091,6248527.17551773
1429869229.71447,-33.8904113568,151.1941500937,11109.8269476964,2.3453541858,333009.350502805,6248527.19056851
1429869229.71748,-33.8904112395,151.1941498986,11109.6392514345,2.3453541858,333009.332235228,6248527.20325617
1429869229.71891,-33.8904111015,151.1941497052,11109.4552162443,2.3547729007,333009.314077575,6248527.21824934
1429869229.72033,-33.890410964,151.1941495113,11109.2691713541,2.3547729007,333009.295871596,6248527.23318379
1429869229.72181,-33.8904108275,151.1941493176,11109.0838801014,2.3453541858,333009.277690331,6248527.24799967
1429869229.72324,-33.8904106463,151.1941490586,11108.8980864236,3.1271389144,333009.253384801,6248527.26767557
1429869229.72466,-33.8904104651,151.1941487978,11108.7097806209,3.1396972009,333009.228917299,6248527.28735071
1429869229.72611,-33.8904103297,151.1941486017,11108.5203024932,2.3547729007,333009.210518124,6248527.30204649
1429869229.72754,-33.8904101954,151.1941484059,11108.330070728,2.3453541858,333009.192144143,6248527.31662268
1429869229.72897,-33.8904100616,151.1941482095,11108.1391690628,2.3453541858,333009.173721782,6248527.33113768
1429869229.73042,-33.8904099284,151.1941480126,11107.9489372976,2.3453541858,333009.155251247,6248527.34559133
1429869229.73343,-33.8904098078,151.1941478087,11107.7581102342,2.3547729007,333009.136160053,6248527.35862689
1429869229.73486,-33.8904096757,151.1941476108,11107.568380894,2.3453541858,333009.117593862,6248527.37295746
1429869229.7364,-33.8904095441,151.1941474123,11107.3820847912,2.3453541858,333009.098980746,6248527.38722702
1429869229.73787,-33.8904093694,151.1941471469,11107.195872426,3.1271389144,333009.07410154,6248527.40617234
1429869229.7395,-33.8904092378,151.1941469458,11107.0086552108,2.3642675699,333009.055245086,6248527.42043453
1429869229.74094,-33.8904091079,151.1941467458,11106.8257086081,2.3453541858,333009.036493872,6248527.43452214
1429869229.74244,-33.8904089784,151.1941465453,11106.6392450304,2.3453541858,333009.017697341,6248527.44854922
1429869229.74387,-33.8904088496,151.1941463443,11106.4542887277,2.3453541858,333008.998855444,6248527.4625153
1429869229.74529,-33.8904087202,151.1941461412,11106.2734355625,2.3642675699,333008.979816756,6248527.47653331
1429869229.7468,-33.8904085924,151.1941459392,11106.0980253348,2.3453541858,333008.960887229,6248527.49038039
1429869229.74999,-33.890408484,151.1941457335,11105.9247462677,2.3453541858,333008.941658881,6248527.50206397
1429869229.75142,-33.8904083149,151.194145463,11105.7513457399,3.1271389144,333008.916307941,6248527.52037324
1429869229.75287,-33.8904081881,151.1941452588,11105.5767728872,2.3547729007,333008.897176603,6248527.53410232
1429869229.75435,-33.8904080624,151.194145055,11105.403958522,2.3453541858,333008.87808042,6248527.54771865
1429869229.75577,-33.8904079371,151.1941448507,11105.2308092068,2.3453541858,333008.858943216,6248527.56127726
1429869229.75721,-33.8904078124,151.194144646,11105.0553989791,2.3453541858,333008.839764859,6248527.5747776
1429869229.7587,-33.8904076876,151.1941444399,11104.8858503764,2.3547729007,333008.820468766,6248527.58827413
1429869229.76015,-33.8904075639,151.1941442343,11104.7185626862,2.3453541858,333008.801210424,6248527.60166013
1429869229.76164,-33.8904074407,151.1941440282,11104.5501864085,2.3453541858,333008.781912954,6248527.61498966
1429869229.76307,-33.890407318,151.1941438218,11104.3826475058,2.3453541858,333008.762576493,6248527.62826256
1429869229.76609,-33.8904072152,151.1941436038,11104.2155784035,2.3547729007,333008.742223067,6248527.6393096
1429869229.76758,-33.890407093,151.1941433957,11104.0494630383,2.3547729007,333008.722731623,6248527.65252244
1429869229.76902,-33.8904069718,151.1941431879,11103.8856085856,2.3453541858,333008.703280328,6248527.66562648
1429869229.7705,-33.890406851,151.1941429797,11103.7227589828,2.3453541858,333008.683791752,6248527.678675
1429869229.77195,-33.8904067303,151.1941427703,11103.5621702926,2.3547729007,333008.664188011,6248527.69172065
1429869229.77341,-33.8904066101,151.1941425605,11103.4041774649,2.3547729007,333008.644548078,6248527.70471175
1429869229.77485,-33.8904064908,151.1941423511,11103.2492829247,2.3453541858,333008.624951444,6248527.71759742
1429869229.77627,-33.890406372,151.1941421413,11103.097821622,2.3453541858,333008.605320432,6248527.73043066
1429869229.77774,-33.8904062136,151.19414186,11102.9477001193,3.1396972009,333008.57899551,6248527.74754113
1429869229.77917,-33.8904060958,151.1941416495,11102.7988346791,2.3453541858,333008.559297509,6248527.76027131
1429869229.78223,-33.8904059959,151.1941414284,11102.6498406371,2.3453541858,333008.538648333,6248527.77098122
1429869229.78366,-33.890405879,151.1941412171,11102.5018963094,2.3453541858,333008.51888452,6248527.78360898
1429869229.78508,-33.890405762,151.1941410047,11102.3548730942,2.3547729007,333008.499008768,6248527.79623633
1429869229.78656,-33.8904056459,151.1941407927,11102.2091059415,2.3453541858,333008.479180446,6248527.80876255
1429869229.78799,-33.8904055299,151.1941405796,11102.0644273763,2.3547729007,333008.459240682,6248527.82128858
1429869229.78943,-33.8904054147,151.1941403669,11101.9238519485,2.3453541858,333008.43934968,6248527.83371503
1429869229.79086,-33.8904052995,151.1941401531,11101.7851187458,2.3547729007,333008.419348446,6248527.84614266
1429869229.79245,-33.8904051852,151.1941399398,11101.6463018056,2.3453541858,333008.399397292,6248527.85847231
1429869229.79398,-33.8904050708,151.1941397253,11101.5086571904,2.3547729007,333008.379336208,6248527.8708031
1429869229.79547,-33.8904049574,151.1941395113,11101.3725198502,2.3453541858,333008.359326081,6248527.8830368
1429869229.79912,-33.8904048757,151.1941392879,11101.2319474978,2.3547729007,333008.338504511,6248527.89172692
1429869229.80055,-33.8904047632,151.1941390732,11101.0905346951,2.3453541858,333008.318434976,6248527.90386292
1429869229.80204,-33.8904046506,151.1941388574,11100.9555696799,2.3547729007,333008.298255514,6248527.91599902
1429869229.8035,-33.8904045388,151.1941386421,11100.8235354771,2.3453541858,333008.278128657,6248527.92803971
1429869229.80496,-33.8904044271,151.1941384257,11100.6886541994,2.3547729007,333008.257892868,6248527.94008165
1429869229.80644,-33.8904043162,151.1941382098,11100.5532704967,2.3453541858,333008.237709788,6248527.95202786
1429869229.80788,-33.8904042057,151.1941379936,11100.4166307315,2.3453541858,333008.217498407,6248527.96392613
1429869229.80934,-33.8904040957,151.1941377771,11100.2799909663,2.3453541858,333008.197258708,6248527.97577615
1429869229.81077,-33.8904039857,151.1941375593,11100.1429325136,2.3547729007,333008.176909369,6248527.9876252
1429869229.81222,-33.8904038765,151.1941373422,11100.0078837609,2.3453541858,333008.156613457,6248527.9993787
1429869229.81523,-33.8904038032,151.1941371142,11099.8707325262,2.3453541858,333008.135384709,6248528.00713148
1429869229.81666,-33.8904036945,151.1941368956,11099.7366886235,2.3547729007,333008.114951561,6248528.01883541
1429869229.81812,-33.8904035862,151.1941366766,11099.6045706833,2.3547729007,333008.094491283,6248528.03049185
1429869229.81954,-33.8904034787,151.1941364582,11099.473457593,2.3453541858,333008.074086228,6248528.04205482
1429869229.82097,-33.8904034073,151.1941363125,11099.3467825903,1.5635694572,333008.060465551,6248528.04973285
1429869229.82244,-33.8904033002,151.1941360927,11099.2247131501,2.3547729007,333008.039927434,6248528.06125159
1429869229.82387,-33.8904031935,151.1941358726,11099.1052395724,2.3547729007,333008.019365083,6248528.07272701
1429869229.8253,-33.8904030876,151.1941356531,11098.9826677072,2.3453541858,333007.998860882,6248528.08411324
1429869229.82675,-33.8904029821,151.1941354333,11098.8606820045,2.3453541858,333007.978332428,6248528.09545569
1429869229.82824,-33.890402877,151.1941352133,11098.7458977268,2.3453541858,333007.957780581,6248528.1067557
1429869229.83131,-33.8904028024,151.1941349928,11098.6312860597,2.3547729007,333007.93723965,6248528.11467364
1429869229.83276,-33.890402698,151.1941347723,11098.5190976445,2.3453541858,333007.91664298,6248528.12589175
1429869229.83425,-33.890402594,151.1941345516,11098.4079978168,2.3453541858,333007.896024491,6248528.13706969
1429869229.83567,-33.8904025248,151.1941344042,11098.2987402141,1.5635694572,333007.882264526,6248528.14449521
1429869229.8371,-33.8904024554,151.1941342556,11098.1923296864,1.5761783799,333007.868379536,6248528.15195449
1429869229.83854,-33.8904023524,151.1941340341,11098.0835745087,2.3453541858,333007.847697858,6248528.16301509
1429869229.84,-33.8904022498,151.1941338124,11097.9774151934,2.3453541858,333007.826995473,6248528.17403688
1429869229.84145,-33.8904021475,151.1941335905,11097.8766150782,2.3453541858,333007.806273216,6248528.18502127
1429869229.8429,-33.8904020447,151.1941333666,11097.773637788,2.3642675699,333007.785364192,6248528.19605706
1429869229.84433,-33.890401943,151.1941331443,11097.6692369603,2.3453541858,333007.764602656,6248528.20696703
1429869229.84732,-33.8904018709,151.1941329235,11097.5668301769,2.3453541858,333007.744044684,6248528.21460758
1429869229.84879,-33.8904017699,151.1941327007,11097.4623456117,2.3453541858,333007.723243896,6248528.22544252
1429869229.85023,-33.8904017023,151.1941325508,11097.359284584,1.5761783799,333007.709251712,6248528.23269873
1429869229.85166,-33.8904016354,151.194132402,11097.2643460938,1.5635694572,333007.695359043,6248528.2398729
1429869229.85311,-33.8904015354,151.1941321786,11097.1702449786,2.3453541858,333007.674502316,6248528.25059976
1429869229.85461,-33.8904014357,151.194131955,11097.0727943633,2.3453541858,333007.653627687,6248528.26129174
1429869229.85605,-33.890401336,151.1941317303,11096.9747575856,2.3547729007,333007.632650945,6248528.27199089
1429869229.85749,-33.8904012369,151.1941315063,11096.8763021204,2.3453541858,333007.611739864,6248528.28261141
1429869229.85893,-33.8904011382,151.1941312821,11096.7836245427,2.3453541858,333007.590811099,6248528.29319703
1429869229.86206,-33.8904010673,151.1941310535,11096.6905724977,2.3453541858,333007.569536631,6248528.30068186
1429869229.86351,-33.8904009688,151.194130828,11096.599067245,2.3547729007,333007.548489584,6248528.31124204
1429869229.86493,-33.8904009033,151.1941306776,11096.5054685548,1.5698486005,333007.534446865,6248528.31825948
1429869229.86643,-33.8904008383,151.1941305276,11096.4141307771,1.5635694572,333007.520449053,6248528.32522628
1429869229.86786,-33.8904007735,151.1941303775,11096.3239653244,1.5635694572,333007.506440224,6248528.33217089
1429869229.86929,-33.8904006761,151.1941301512,11096.2377355342,2.3547729007,333007.485326519,6248528.34259715
1429869229.87073,-33.8904005791,151.1941299248,11096.1515894814,2.3547729007,333007.464197153,6248528.35299165
1429869229.87216,-33.8904004827,151.1941296991,11096.0653596912,2.3453541858,333007.443136752,6248528.36331289
1429869229.87363,-33.8904003866,151.1941294733,11095.9862475885,2.3453541858,333007.422061481,6248528.37360374
1429869229.87505,-33.8904002903,151.1941292463,11095.9078891233,2.3547729007,333007.400887395,6248528.38390683
1429869229.87649,-33.8904001948,151.1941290202,11095.8312891456,2.3453541858,333007.379784144,6248528.39414018
1429869229.87956,-33.8904001292,151.1941287952,11095.7563823785,2.3453541858,333007.358850318,6248528.4010495
1429869229.88099,-33.8904000658,151.1941286442,11095.6820433133,1.5635694572,333007.344763627,6248528.40783478
1429869229.88243,-33.8904000023,151.1941284925,11095.6095464731,1.5698486005,333007.330611648,6248528.41462919
1429869229.88389,-33.8903999076,151.1941282658,11095.5375520579,2.3453541858,333007.309455805,6248528.42475337
1429869229.88534,-33.8903998133,151.1941280389,11095.4676510802,2.3453541858,333007.288287442,6248528.43485134
1429869229.88681,-33.8903997191,151.1941278119,11095.400345965,2.3453541858,333007.267107003,6248528.44492395
1429869229.88824,-33.8903996248,151.1941275838,11095.3372277248,2.3547729007,333007.245830009,6248528.45501281
1429869229.8897,-33.890399531,151.1941273565,11095.2757004971,2.3453541858,333007.224627202,6248528.46503826
1429869229.89116,-33.8903994371,151.1941271282,11095.2118286193,2.3547729007,333007.203328244,6248528.47508067
1429869229.89259,-33.8903993438,151.1941269006,11095.1468681541,2.3453541858,333007.182103247,6248528.48505905
1429869229.89562,-33.8903993143,151.1941267526,11095.0816086611,1.5698486005,333007.168352817,6248528.48809651
1429869229.89709,-33.8903992523,151.1941266007,11095.0164807209,1.5635694572,333007.154187727,6248528.49471657
1429869229.89867,-33.8903991903,151.1941264482,11094.9547860182,1.5698486005,333007.139958404,6248528.50134747
1429869229.90014,-33.8903990978,151.1941262201,11094.8931750529,2.3453541858,333007.118689144,6248528.51123115
1429869229.90168,-33.8903990052,151.1941259911,11094.8313128752,2.3547729007,333007.097323789,6248528.52113151
1429869229.90323,-33.8903989132,151.1941257628,11094.7682783725,2.3453541858,333007.076033156,6248528.53096907
1429869229.90472,-33.8903988213,151.1941255344,11094.7059137698,2.3453541858,333007.054731772,6248528.54078333
1429869229.90619,-33.8903987297,151.1941253059,11094.6388598671,2.3453541858,333007.033419316,6248528.55057352
1429869229.90765,-33.8903986379,151.1941250764,11094.5744855644,2.3547729007,333007.012010013,6248528.56037848
1429869229.90912,-33.8903985467,151.1941248476,11094.5114510617,2.3453541858,333006.990675498,6248528.57012051
1429869229.91213,-33.8903985231,151.1941246982,11094.4539173585,1.5635694572,333006.976811531,6248528.57249816
1429869229.91365,-33.8903984625,151.1941245455,11094.3949022558,1.5635694572,333006.962575112,6248528.5789634
1429869229.91509,-33.8903983716,151.1941243155,11094.3353847281,2.3547729007,333006.941124666,6248528.58867803
1429869229.91652,-33.8903982811,151.1941240863,11094.2793004379,2.3453541858,333006.919750269,6248528.59833224
1429869229.91796,-33.8903981909,151.194123857,11094.2235510977,2.3453541858,333006.898366459,6248528.60796558
1429869229.91939,-33.8903981005,151.1941236266,11094.1713187325,2.3547729007,333006.876887669,6248528.61761737
1429869229.92082,-33.8903980103,151.1941233962,11094.1216822297,2.3547729007,333006.855400308,6248528.62725007
1429869229.92235,-33.8903979205,151.1941231666,11094.0781585645,2.3453541858,333006.8339911,6248528.63682684
1429869229.9238,-33.890397831,151.1941229369,11094.0348023743,2.3453541858,333006.812574638,6248528.64638737
1429869229.92523,-33.8903977711,151.1941227831,11093.9929534591,1.5698486005,333006.798234904,6248528.65277599
1429869229.92838,-33.8903977172,151.1941225566,11093.9490328297,2.3547729007,333006.777182784,6248528.65837913
1429869229.92985,-33.8903976281,151.1941223267,11093.911956952,2.3453541858,333006.755745351,6248528.66789254
1429869229.9313,-33.8903975391,151.1941220967,11093.8764720868,2.3453541858,333006.734301899,6248528.67739238
1429869229.93273,-33.8903974501,151.1941218667,11093.8439180341,2.3453541858,333006.712852809,6248528.68687949
1429869229.93422,-33.890397361,151.1941216357,11093.8127037814,2.3547729007,333006.691312285,6248528.69639271
1429869229.93564,-33.8903972723,151.1941214055,11093.7819919536,2.3453541858,333006.669852802,6248528.70585628
1429869229.93707,-33.8903971836,151.1941211753,11093.7516150759,2.3453541858,333006.648388277,6248528.71530841
1429869229.93853,-33.8903970951,151.194120945,11093.7278534607,2.3453541858,333006.626919289,6248528.7247504
1429869229.94011,-33.8903969763,151.1941206354,11093.699318808,3.1523567598,333006.598057343,6248528.73742807
1429869229.94183,-33.8903968879,151.1941204051,11093.6719564803,2.3453541858,333006.576579449,6248528.74684979
1429869229.94513,-33.8903968314,151.1941201853,11093.6456834522,2.3453541858,333006.556143682,6248528.75276554
1429869229.94658,-33.8903967432,151.1941199548,11093.616897587,2.3453541858,333006.534656862,6248528.76216688
1429869229.94803,-33.8903966544,151.1941197224,11093.5896189967,2.3642675699,333006.512992133,6248528.77163343
1429869229.94953,-33.8903965665,151.1941194919,11093.5653549565,2.3453541858,333006.491496494,6248528.78101459
1429869229.95097,-33.8903964786,151.1941192612,11093.5398348538,2.3453541858,333006.469996781,6248528.79038641
1429869229.95243,-33.8903963908,151.1941190306,11093.5174967761,2.3453541858,333006.448493156,6248528.79974924
1429869229.95396,-33.8903962728,151.1941187205,11093.5004341609,3.1523567598,333006.419586118,6248528.81232376
1429869229.95543,-33.8903961559,151.1941184129,11093.4816967957,3.1271389144,333006.390906431,6248528.82478873
1429869229.95686,-33.8903960683,151.1941181821,11093.459693668,2.3453541858,333006.369393344,6248528.8341298
1429869229.95834,-33.8903959808,151.1941179513,11093.4406213528,2.3453541858,333006.34787691,6248528.84346316
1429869229.96139,-33.8903959234,151.1941177355,11093.4237217148,2.3547729007,333006.327804537,6248528.84946742
1429869229.96285,-33.890395836,151.1941175046,11093.4066590996,2.3453541858,333006.30628241,6248528.85878765
1429869229.96431,-33.8903957486,151.1941172737,11093.3904338594,2.3453541858,333006.284757578,6248528.86810163
1429869229.96575,-33.8903956613,151.1941170428,11093.3761345817,2.3453541858,333006.263230264,6248528.87740988
1429869229.96758,-33.8903955445,151.1941167336,11093.3625889415,3.1396972009,333006.234408884,6248528.88986371
1429869229.96902,-33.8903954277,151.1941164244,11093.3529789637,3.1396972009,333006.205584989,6248528.90231172
1429869229.97047,-33.8903953405,151.1941161934,11093.342699086,2.3453541858,333006.184051921,6248528.91160664
1429869229.9719,-33.8903952533,151.1941159624,11093.3331728458,2.3453541858,333006.162517248,6248528.92089784
1429869229.97337,-33.8903951658,151.1941157304,11093.3235628681,2.3547729007,333006.140894535,6248528.93022275
1429869229.97483,-33.8903950784,151.1941154984,11093.3139528904,2.3547729007,333006.119270259,6248528.93954403
1429869229.97782,-33.8903950225,151.1941152827,11093.3030394554,2.3453541858,333006.099204839,6248528.94538856
1429869229.97925,-33.8903949065,151.1941149746,11093.2959416027,3.1271389144,333006.070483635,6248528.95775756
1429869229.98067,-33.89039479,151.1941146652,11093.2941192125,3.1396972009,333006.041646122,6248528.97017399
1429869229.98212,-33.8903946739,151.1941143571,11093.2923805598,3.1271389144,333006.012923571,6248528.98253987
1429869229.98358,-33.8903945869,151.194114126,11093.2925678696,2.3453541858,333005.991381532,6248528.99181398
1429869229.98503,-33.8903944999,151.1941138949,11093.2904942668,2.3453541858,333005.969839341,6248529.00108774
1429869229.98652,-33.8903944126,151.1941136629,11093.2941148141,2.3547729007,333005.948210763,6248529.01039903
1429869229.98798,-33.8903943255,151.1941134318,11093.3004986989,2.3453541858,333005.926669507,6248529.01967496
1429869229.98944,-33.8903942385,151.1941132007,11093.3098971337,2.3453541858,333005.905129528,6248529.02895386
1429869229.99088,-33.8903941223,151.1941128926,11093.3221426435,3.1271389144,333005.876411893,6248529.04133115
1429869229.99387,-33.8903940365,151.1941126038,11093.3356349835,3.1396972009,333005.849532022,6248529.05037674
1429869229.9953,-33.8903939203,151.1941122958,11093.3472943308,3.1271389144,333005.820819887,6248529.06276678
1429869229.99673,-33.8903938327,151.1941120639,11093.3643128781,2.3547729007,333005.799201642,6248529.07210204
1429869229.99821,-33.8903937454,151.1941118329,11093.3833411254,2.3453541858,333005.777672793,6248529.08140673
1429869229.99964,-33.8903936577,151.1941116011,11093.4040441226,2.3547729007,333005.756060727,6248529.09075628
1429869230.00106,-33.8903935703,151.1941113702,11093.4255844949,2.3453541858,333005.734538539,6248529.10007637
1429869230.00255,-33.8903934532,151.1941110612,11093.4475435547,3.1396972009,333005.705731786,6248529.112564
1429869230.00399,-33.8903933364,151.1941107535,11093.473940702,3.1271389144,333005.677045507,6248529.12501379
1429869230.00545,-33.890393219,151.1941104446,11093.5005053243,3.1396972009,333005.648249806,6248529.13752688
1429869230.00691,-33.890393102,151.194110137,11093.5284934841,3.1271389144,333005.61957522,6248529.15000357
1429869230.01,-33.8903930486,151.1941099358,11093.5571235053,2.3453541858,333005.600854781,6248529.1555948
1429869230.01143,-33.8903929607,151.1941097052,11093.5825158026,2.3453541858,333005.579357886,6248529.16497308
1429869230.01286,-33.8903928428,151.1941093966,11093.6117600249,3.1396972009,333005.550586243,6248529.17754139
1429869230.01442,-33.8903927253,151.1941090892,11093.6420090972,3.1271389144,333005.521936185,6248529.1900743
1429869230.01586,-33.8903926076,151.194108782,11093.671504532,3.1271389144,333005.493292666,6248529.20262215
1429869230.01728,-33.8903924894,151.1941084736,11093.7030934042,3.1396972009,333005.464540836,6248529.21523572
1429869230.01875,-33.890392371,151.1941081653,11093.7350172265,3.1396972009,333005.435796002,6248529.22786522
1429869230.02018,-33.8903922824,151.1941079351,11093.7673597363,2.3453541858,333005.414328902,6248529.23731151
1429869230.02166,-33.8903921938,151.1941077049,11093.7967714336,2.3453541858,333005.392866895,6248529.24676936
1429869230.02309,-33.8903920749,151.1941073968,11093.8288627309,3.1396972009,333005.364142767,6248529.25944588
1429869230.02624,-33.890391983,151.194107118,11093.8650274606,3.1396972009,333005.338176888,6248529.26918546
1429869230.02767,-33.8903918644,151.1941068113,11093.9022267454,3.1271389144,333005.309583277,6248529.28184663
1429869230.02909,-33.8903917455,151.1941065047,11093.9423568427,3.1271389144,333005.280998217,6248529.29452709
1429869230.03057,-33.890391626,151.194106197,11093.9831568399,3.1396972009,333005.252307361,6248529.30727874
1429869230.03201,-33.8903915063,151.1941058894,11094.0263852247,3.1396972009,333005.223625864,6248529.32005143
1429869230.03347,-33.8903913869,151.1941055831,11094.074721597,3.1271389144,333005.195069262,6248529.33279585
1429869230.03492,-33.8903912673,151.194105277,11094.1195409943,3.1271389144,333005.16652303,6248529.34556348
1429869230.03635,-33.8903911475,151.194104971,11094.1675424166,3.1271389144,333005.137987149,6248529.35835423
1429869230.03779,-33.8903910269,151.1941046639,11094.2209030389,3.1396972009,333005.109348042,6248529.37122169
1429869230.03922,-33.8903909066,151.1941043581,11094.2775294237,3.1271389144,333005.0808358,6248529.38406505
1429869230.04223,-33.890390816,151.1941040863,11094.3381897909,3.1271389144,333005.055520864,6248529.39367531
1429869230.04366,-33.8903906952,151.1941037808,11094.3997566882,3.1271389144,333005.027035529,6248529.40657824
1429869230.04512,-33.890390573,151.1941034731,11094.4857749355,3.1523567598,333004.99833726,6248529.41962218
1429869230.04667,-33.8903904515,151.194103168,11094.5505238578,3.1271389144,333004.969885616,6248529.43259923
1429869230.0481,-33.8903903298,151.1941028631,11094.6172824801,3.1271389144,333004.941448883,6248529.44560892
1429869230.04962,-33.8903902077,151.1941025584,11094.6869719149,3.1271389144,333004.913027662,6248529.45865246
1429869230.05104,-33.8903900843,151.1941022513,11094.7558239747,3.1523567598,333004.884393165,6248529.47183582
1429869230.05247,-33.8903899616,151.194101947,11094.827941797,3.1271389144,333004.856003844,6248529.48494865
1429869230.05395,-33.8903898386,151.1941016428,11094.9047489193,3.1271389144,333004.827631589,6248529.49809836
1429869230.0554,-33.8903897152,151.1941013388,11094.982309679,3.1271389144,333004.799277074,6248529.51128628
1429869230.05842,-33.8903896211,151.1941010681,11095.0641880673,3.1396972009,333004.774057362,6248529.52128343
1429869230.05987,-33.890389497,151.1941007645,11095.1434235771,3.1271389144,333004.745739849,6248529.53455061
1429869230.06131,-33.8903893725,151.1941004611,11095.2261760619,3.1271389144,333004.717441119,6248529.54785782
1429869230.06275,-33.8903892477,151.194100158,11095.3124455216,3.1271389144,333004.689162048,6248529.56120674
1429869230.06418,-33.8903890906,151.1940997778,11095.3999710439,3.9246215011,333004.6536967,6248529.57801372
1429869230.06567,-33.8903889645,151.1940994739,11095.4922696037,3.1396972009,333004.625345557,6248529.59150381
1429869230.0671,-33.8903888385,151.1940991715,11095.584651901,3.1271389144,333004.597129505,6248529.60498544
1429869230.06852,-33.8903887121,151.1940988693,11095.6753594483,3.1271389144,333004.568935029,6248529.61851213
1429869230.06997,-33.8903885847,151.1940985662,11095.7704213456,3.1396972009,333004.540649381,6248529.63213901
1429869230.0714,-33.890388457,151.1940982632,11095.8634735429,3.1396972009,333004.512386141,6248529.64581231
1429869230.07438,-33.8903883541,151.1940980027,11095.9640981189,3.1271389144,333004.488091919,6248529.65680181
1429869230.07583,-33.890388226,151.1940977016,11096.0680361912,3.1271389144,333004.459989226,6248529.67051817
1429869230.07729,-33.8903880969,151.1940973995,11096.173900226,3.1396972009,333004.431798936,6248529.68434124
1429869230.07874,-33.8903879674,151.1940970977,11096.2801829483,3.1396972009,333004.403634286,6248529.69821648
1429869230.08017,-33.8903878379,151.1940967974,11096.3942532581,3.1271389144,333004.375608916,6248529.71209014
1429869230.08166,-33.8903877079,151.1940964974,11096.5068162929,3.1271389144,333004.347611039,6248529.7260192
1429869230.08308,-33.8903875768,151.1940961965,11096.6223101402,3.1396972009,333004.319528614,6248529.74006011
1429869230.08451,-33.8903874131,151.1940958223,11096.74173965,3.9089236431,333004.2846019,6248529.75761269
1429869230.08598,-33.8903872815,151.1940955233,11096.8647698722,3.1271389144,333004.256690303,6248529.77171385
1429869230.08745,-33.8903871494,151.1940952246,11096.992908082,3.1271389144,333004.22880968,6248529.78587614
1429869230.09044,-33.8903870402,151.1940949634,11097.1260822967,3.1396972009,333004.204445388,6248529.7975686
1429869230.09187,-33.8903869069,151.1940946655,11097.263850319,3.1271389144,333004.176630847,6248529.81186025
1429869230.09329,-33.8903867726,151.1940943667,11097.4027906663,3.1396972009,333004.148739335,6248529.82627668
1429869230.09474,-33.8903866045,151.1940939953,11097.5440756636,3.9089236431,333004.114058394,6248529.84431
1429869230.0962,-33.8903864689,151.1940936973,11097.6919759233,3.1396972009,333004.086238863,6248529.85886484
1429869230.09763,-33.8903863332,151.194093401,11097.8396249706,3.1271389144,333004.058568086,6248529.87343289
1429869230.09906,-33.8903861963,151.1940931039,11097.9883626054,3.1396972009,333004.030824111,6248529.88813124
1429869230.10049,-33.8903860593,151.1940928084,11098.1465625777,3.1271389144,333004.003230418,6248529.90284477
1429869230.10193,-33.890385921,151.1940925122,11098.303255275,3.1396972009,333003.975566611,6248529.91769346
1429869230.10335,-33.8903857481,151.194092144,11098.4622088848,3.9089236431,333003.941176218,6248529.93627489
1429869230.10637,-33.890385632,151.1940918928,11098.6235458367,3.1271389144,333003.917718316,6248529.94874164
1429869230.10784,-33.8903854922,151.1940915992,11098.785597734,3.1271389144,333003.890289936,6248529.96376108
1429869230.10927,-33.8903853512,151.1940913049,11098.9498268063,3.1396972009,333003.862794454,6248529.9789192
1429869230.11074,-33.8903852101,151.1940910122,11099.1146420411,3.1271389144,333003.835452414,6248529.99409525
1429869230.11217,-33.8903850683,151.19409072,11099.2802946509,3.1271389144,333003.808154254,6248530.00935009
1429869230.11365,-33.8903848901,151.1940903554,11099.4476220107,3.9089236431,333003.774087108,6248530.02851772
1429869230.11511,-33.8903847103,151.19408999,11099.612018558,3.9246215011,333003.739939004,6248530.04786126
1429869230.11656,-33.8903845663,151.1940896993,11099.7839514802,3.1271389144,333003.712775145,6248530.06335398
1429869230.11805,-33.8903844216,151.1940894091,11099.9543771275,3.1271389144,333003.685657694,6248530.07892779
1429869230.11948,-33.8903842756,151.1940891183,11100.1250539873,3.1396972009,333003.658478007,6248530.09464512
1429869230.12246,-33.8903841544,151.1940888562,11100.2953187698,3.1396972009,333003.633999011,6248530.10766737
1429869230.12388,-33.8903839708,151.1940884954,11100.4646558296,3.9089236431,333003.600277104,6248530.12743606
1429869230.12534,-33.8903837864,151.1940881353,11100.6360863269,3.9089236431,333003.566614132,6248530.14730495
1429869230.12677,-33.8903836375,151.1940878466,11100.8113687492,3.1396972009,333003.539624015,6248530.16334563
1429869230.1282,-33.8903834879,151.1940875585,11100.9883259215,3.1396972009,333003.512683332,6248530.1794692
1429869230.12965,-33.8903833381,151.1940872721,11101.1641107688,3.1271389144,333003.485899969,6248530.1956108
1429869230.13108,-33.8903831876,151.1940869862,11101.3383046036,3.1271389144,333003.459166029,6248530.21183412
1429869230.13251,-33.8903829986,151.1940866295,11101.5191137009,3.9089236431,333003.425811589,6248530.23221671
1429869230.13394,-33.8903828079,151.1940862721,11101.7012625981,3.9246215011,333003.392388188,6248530.25278711
1429869230.13538,-33.8903826551,151.1940859879,11101.8876821079,3.1271389144,333003.365809273,6248530.26926319
1429869230.13837,-33.8903825356,151.1940857308,11102.0738437693,3.1271389144,333003.341791301,6248530.28209615
1429869230.13982,-33.8903823814,151.1940854478,11102.2616868166,3.1271389144,333003.315320295,6248530.29874504
1429869230.14125,-33.890382186,151.194085092,11102.4535492639,3.9404459498,333003.2820344,6248530.31983439
1429869230.1427,-33.8903819912,151.1940847398,11102.6436532237,3.9089236431,333003.2490847,6248530.34086498
1429869230.14413,-33.8903817954,151.1940843885,11102.8382790085,3.9089236431,333003.216205793,6248530.36200607
1429869230.14559,-33.890381638,151.194084108,11103.0305601433,3.1271389144,333003.189959922,6248530.37900767
1429869230.14703,-33.8903814785,151.1940838259,11103.2256883531,3.1523567598,333003.163560493,6248530.39623571
1429869230.14846,-33.8903813195,151.1940835467,11103.4274318254,3.1271389144,333003.137431598,6248530.41341653
1429869230.14994,-33.8903811197,151.1940831986,11103.6311012601,3.9089236431,333003.104846662,6248530.43500797
1429869230.15137,-33.8903809188,151.1940828513,11103.8364454449,3.9089236431,333003.072339001,6248530.45671558
1429869230.15281,-33.8903807153,151.1940825021,11104.0421245797,3.9404459498,333003.039647892,6248530.47871564
1429869230.15428,-33.890380553,151.1940822257,11104.251739377,3.1271389144,333003.013767664,6248530.49626881
1429869230.15728,-33.8903804362,151.1940819878,11104.4667828149,3.1271389144,333002.991534064,6248530.50882957
1429869230.15872,-33.8903802722,151.1940817128,11104.6838502497,3.1271389144,333002.965785799,6248530.52657574
1429869230.16018,-33.8903800652,151.1940813687,11104.899829097,3.9246215011,333002.933555611,6248530.5489695
1429869230.16162,-33.890379858,151.1940810269,11105.1154729943,3.9089236431,333002.901538577,6248530.57139444
1429869230.16316,-33.8903796497,151.194080686,11105.3327079041,3.9089236431,333002.869606484,6248530.59394016
1429869230.16459,-33.8903794822,151.1940804141,11105.5544646389,3.1271389144,333002.844130093,6248530.61207448
1429869230.16609,-33.8903793131,151.1940801418,11105.7792359237,3.1396972009,333002.818622533,6248530.63038115
1429869230.16752,-33.8903791431,151.1940798704,11106.0037559959,3.1396972009,333002.793186946,6248530.64878769
1429869230.16895,-33.8903789304,151.1940795334,11106.2333003182,3.9089236431,333002.761610688,6248530.67182914
1429869230.172,-33.890378768,151.1940792243,11106.46067502,3.9089236431,333002.732702819,6248530.68933735
1429869230.17344,-33.8903785522,151.194078888,11106.6895494423,3.9246215011,333002.701185111,6248530.71272324
1429869230.17487,-33.8903783786,151.1940786199,11106.9205173021,3.1396972009,333002.676046223,6248530.73153297
1429869230.17634,-33.8903782049,151.1940783536,11107.1509827369,3.1271389144,333002.651083528,6248530.75036814
1429869230.17779,-33.8903780303,151.1940780882,11107.3817831217,3.1271389144,333002.626196853,6248530.76930364
1429869230.17921,-33.89037781,151.1940777562,11107.6148444189,3.9246215011,333002.595060034,6248530.79319431
1429869230.18064,-33.8903775894,151.1940774266,11107.8493292537,3.9089236431,333002.564145102,6248530.81711575
1429869230.18208,-33.8903774121,151.1940771637,11108.083227926,3.1271389144,333002.539491585,6248530.83635383
1429869230.1835,-33.8903772339,151.1940769018,11108.3203086233,3.1271389144,333002.514917345,6248530.85569308
1429869230.18493,-33.890377054,151.1940766397,11108.5580592206,3.1396972009,333002.490325086,6248530.87521206
1429869230.188,-33.8903768759,151.1940763382,11108.7923480492,3.9089236431,333002.46209563,6248530.89447584
1429869230.18945,-33.8903766497,151.1940760141,11109.030517334,3.9089236431,333002.431679598,6248530.91902851
1429869230.19088,-33.8903764224,151.1940756911,11109.2714499563,3.9089236431,333002.401366485,6248530.94370813
1429869230.19231,-33.890376239,151.1940754326,11109.5050136786,3.1396972009,333002.377100898,6248530.96363176
1429869230.19375,-33.8903760554,151.194075176,11109.7415919509,3.1271389144,333002.353013988,6248530.98357469
1429869230.19518,-33.8903758702,151.1940749193,11109.9772491107,3.1396972009,333002.328913067,6248531.0036972
1429869230.19664,-33.8903756385,151.1940746009,11110.219186583,3.9089236431,333002.299012091,6248531.02887457
1429869230.19809,-33.8903754047,151.1940742824,11110.4617939553,3.9246215011,333002.269098191,6248531.05427977
1429869230.19952,-33.8903751708,151.1940739663,11110.702810315,3.9089236431,333002.239411,6248531.07970887
1429869230.20251,-33.8903750263,151.1940737303,11110.9417513682,3.1396972009,333002.217306777,6248531.09534292
1429869230.20393,-33.8903748374,151.1940734794,11111.1845262155,3.1271389144,333002.193728582,6248531.11588479
1429869230.20538,-33.8903745992,151.1940731656,11111.4250401503,3.9246215011,333002.164246471,6248531.14178982
1429869230.20684,-33.8903743609,151.1940728543,11111.6651353976,3.9089236431,333002.134990755,6248531.16771416
1429869230.2083,-33.8903741215,151.1940725442,11111.9074915573,3.9089236431,333002.105844445,6248531.19376145
1429869230.20978,-33.890373881,151.1940722353,11112.1516062046,3.9089236431,333002.076808974,6248531.21993223
1429869230.21124,-33.8903736869,151.1940719882,11112.3964744894,3.1396972009,333002.053577226,6248531.24105226
1429869230.2127,-33.8903734927,151.1940717431,11112.6464507617,3.1271389144,333002.030529455,6248531.26218754
1429869230.21418,-33.8903732489,151.194071438,11112.8973481465,3.9089236431,333002.001835493,6248531.28873231
1429869230.21561,-33.8903730039,151.1940711342,11113.1508413938,3.9089236431,333001.973258648,6248531.31540313
1429869230.21862,-33.8903728013,151.1940708474,11113.4021851228,3.9246215011,333001.946348082,6248531.33740575
1429869230.22005,-33.8903725541,151.1940705462,11113.6549247326,3.9089236431,333001.918007165,6248531.36432713
1429869230.22149,-33.8903723555,151.1940703063,11113.9075806049,3.1271389144,333001.895429639,6248531.38596402
1429869230.22296,-33.8903721051,151.1940700065,11114.1669354772,3.9246215011,333001.867216009,6248531.41324509
1429869230.22439,-33.8903718536,151.1940697081,11114.426374087,3.9246215011,333001.839126177,6248531.4406536
1429869230.22584,-33.8903716019,151.1940694122,11114.6874874467,3.9089236431,333001.811272999,6248531.4680793
1429869230.22731,-33.8903713492,151.1940691177,11114.9517828315,3.9089236431,333001.783545862,6248531.49563242
1429869230.22874,-33.8903711452,151.1940688823,11115.2172505413,3.1396972009,333001.761377623,6248531.51786615
1429869230.23018,-33.8903709404,151.1940686481,11115.4865701761,3.1396972009,333001.739313387,6248531.5402031
1429869230.23161,-33.8903706842,151.1940683579,11115.7602441609,3.9089236431,333001.711975493,6248531.56814246
1429869230.23459,-33.8903704825,151.1940680817,11116.0294441348,3.9089236431,333001.686043951,6248531.59005611
1429869230.23602,-33.890370224,151.1940677945,11116.3021970071,3.9089236431,333001.658971777,6248531.61825302
1429869230.2375,-33.8903699634,151.1940675075,11116.5777969544,3.9246215011,333001.631926667,6248531.64669291
1429869230.23893,-33.8903697548,151.1940672801,11116.8549879141,3.1271389144,333001.610486687,6248531.66945751
1429869230.24038,-33.8903694929,151.1940669973,11117.1325138239,3.9089236431,333001.583824774,6248531.69804266
1429869230.24182,-33.8903692298,151.1940667161,11117.4084487212,3.9089236431,333001.557301233,6248531.72675625
1429869230.24326,-33.8903689635,151.1940664341,11117.688821706,3.9404459498,333001.530704637,6248531.75583085
1429869230.24469,-33.8903686982,151.194066156,11117.9687760033,3.9089236431,333001.50446215,6248531.78480153
1429869230.24613,-33.890368485,151.1940659347,11118.2499026256,3.1271389144,333001.483581893,6248531.80808059
1429869230.24759,-33.890368271,151.1940657146,11118.5263399479,3.1271389144,333001.46281515,6248531.83146097
1429869230.25064,-33.890368056,151.1940654606,11118.8041850287,3.9404459498,333001.438897225,6248531.85488453
1429869230.25207,-33.8903677862,151.1940651886,11119.081794676,3.9089236431,333001.413223037,6248531.88436001
1429869230.25353,-33.8903675154,151.1940649183,11119.3592368482,3.9089236431,333001.387691922,6248531.91395952
1429869230.25496,-33.8903672434,151.1940646495,11119.6371814455,3.9089236431,333001.362304564,6248531.94368241
1429869230.25638,-33.8903670232,151.194064434,11119.9141211928,3.1523567598,333001.341947205,6248531.96775134
1429869230.25785,-33.8903667491,151.1940641684,11120.1913121526,3.9089236431,333001.31684869,6248531.99771854
1429869230.25927,-33.8903664739,151.1940639044,11120.4683356374,3.9089236431,333001.291895402,6248532.02780677
1429869230.26073,-33.8903661977,151.194063642,11120.7433494222,3.9089236431,333001.267087351,6248532.05801487
1429869230.2622,-33.8903659193,151.1940633801,11121.018028257,3.9246215011,333001.242325449,6248532.08846341
1429869230.26362,-33.8903656966,151.1940631728,11121.2945493168,3.1271389144,333001.22271209,6248532.11281943
1429869230.2666,-33.8903655289,151.1940629952,11121.5646977785,3.1271389144,333001.205964389,6248532.13112356
1429869230.26806,-33.8903652485,151.1940627392,11121.8447358132,3.9089236431,333001.181740226,6248532.16180186
1429869230.2695,-33.890364966,151.1940624838,11122.123434048,3.9246215011,333001.157569254,6248532.19272159
1429869230.27092,-33.8903646824,151.19406223,11122.3994526828,3.9246215011,333001.133548241,6248532.22375796
1429869230.27235,-33.8903643989,151.1940619789,11122.6804118301,3.9089236431,333001.109773841,6248532.25478611
1429869230.27381,-33.8903641713,151.1940617794,11122.9653066399,3.1271389144,333001.090877126,6248532.27970225
1429869230.27523,-33.8903638846,151.1940615307,11123.2489453872,3.9246215011,333001.067316808,6248532.31108978
1429869230.27666,-33.8903635969,151.1940612837,11123.533840197,3.9246215011,333001.043912506,6248532.34259381
1429869230.27813,-33.8903633094,151.1940610394,11123.8204934943,3.9089236431,333001.02075861,6248532.37408771
1429869230.27956,-33.8903630208,151.1940607969,11124.1099938666,3.9089236431,333000.997763354,6248532.40569762
1429869230.28254,-33.8903628542,151.1940606322,11124.3980269566,3.1396972009,333000.982207902,6248532.42390464
1429869230.28397,-33.8903625635,151.1940603931,11124.6924678414,3.9089236431,333000.959533805,6248532.45574571
1429869230.28542,-33.8903622719,151.1940601559,11124.9904257012,3.9089236431,333000.937024618,6248532.48770357
1429869230.28685,-33.8903619792,151.1940599205,11125.2918167985,3.9089236431,333000.914682887,6248532.51977872
1429869230.28834,-33.8903616843,151.194059686,11125.5882673833,3.9246215011,333000.892419751,6248532.55209928
1429869230.28978,-33.8903613896,151.1940594543,11125.8922543431,3.9089236431,333000.870414645,6248532.5844063
1429869230.29122,-33.8903610927,151.1940592235,11126.1995908029,3.9246215011,333000.848494525,6248532.61696046
1429869230.29265,-33.8903607959,151.1940589956,11126.5069272627,3.9089236431,333000.826836319,6248532.64950106
1429869230.29409,-33.8903604969,151.1940587687,11126.8171107974,3.9246215011,333000.805267511,6248532.68228905
1429869230.29551,-33.8903601981,151.1940585446,11127.1304763572,3.9089236431,333000.783962995,6248532.7150623
1429869230.29853,-33.8903599779,151.1940583494,11127.4403461973,3.9246215011,333000.765476606,6248532.73916227
1429869230.29995,-33.8903597372,151.1940581732,11127.7564750946,3.1271389144,333000.748719825,6248532.76556511
1429869230.30139,-33.8903594342,151.1940579542,11128.0705105544,3.9246215011,333000.727872272,6248532.79881635
1429869230.30282,-33.8903591314,151.194057738,11128.3833736892,3.9089236431,333000.707289596,6248532.83204769
1429869230.30425,-33.8903588263,151.194057523,11128.698916424,3.9246215011,333000.686807541,6248532.86552531
1429869230.30569,-33.8903585215,151.1940573108,11129.0147941088,3.9089236431,333000.666591449,6248532.89898092
1429869230.30712,-33.8903582145,151.1940570998,11129.3294157311,3.9246215011,333000.646479295,6248532.93268206
1429869230.3086,-33.8903579078,151.1940568917,11129.6437024034,3.9089236431,333000.626632107,6248532.96635783
1429869230.31011,-33.8903576002,151.1940566856,11129.9578216006,3.9089236431,333000.606969891,6248533.00014193
1429869230.31154,-33.8903572915,151.1940564815,11130.2700985729,3.9089236431,333000.587492643,6248533.03403301
1429869230.31464,-33.8903570729,151.194056304,11130.5774918489,3.9246215011,333000.57064812,6248533.05799166
1429869230.31617,-33.8903567625,151.1940561039,11130.8857494212,3.9089236431,333000.55153735,6248533.09209073
1429869230.31766,-33.8903564512,151.1940559058,11131.194090731,3.9089236431,333000.532610337,6248533.12629214
1429869230.31909,-33.8903561377,151.194055709,11131.5099684158,3.9246215011,333000.51379465,6248533.16073391
1429869230.32053,-33.8903558234,151.1940555142,11131.825259938,3.9246215011,333000.495168954,6248533.19527879
1429869230.32201,-33.8903555094,151.1940553222,11132.1347735728,3.9089236431,333000.476805632,6248533.22978613
1429869230.32344,-33.8903551945,151.1940551323,11132.4432823576,3.9089236431,333000.458628684,6248533.26439201
1429869230.32496,-33.8903548776,151.1940549437,11132.7504513424,3.9246215011,333000.440565679,6248533.29923442
1429869230.32646,-33.8903545598,151.1940547571,11133.0597137647,3.9246215011,333000.422690365,6248533.33417349
1429869230.32791,-33.8903542424,151.1940545734,11133.370650937,3.9089236431,333000.405075152,6248533.36906866
1429869230.33093,-33.8903540241,151.1940544078,11133.6752286673,3.9089236431,333000.389340863,6248533.39300714
1429869230.33237,-33.8903537052,151.1940542281,11133.985077252,3.9089236431,333000.372101197,6248533.42808936
1429869230.33386,-33.8903533841,151.1940540498,11134.2945071493,3.9246215011,333000.354982903,6248533.4634055
1429869230.3353,-33.8903530635,151.1940538743,11134.6041882591,3.9089236431,333000.338123369,6248533.49867198
1429869230.33673,-33.8903527421,151.1940537008,11134.9144555314,3.9089236431,333000.321454875,6248533.53402915
1429869230.3382,-33.89035242,151.1940535294,11135.2222106787,3.9089236431,333000.304977313,6248533.56947571
1429869230.33963,-33.8903520958,151.1940533595,11135.5303845135,3.9246215011,333000.288625107,6248533.60515302
1429869230.34109,-33.8903517074,151.1940531588,11135.8411542108,4.6907083717,333000.269311551,6248533.64789949
1429869230.34254,-33.8903513829,151.1940529937,11136.1535986581,3.9089236431,333000.253410891,6248533.68360856
1429869230.34397,-33.8903510578,151.1940528308,11136.4661268429,3.9089236431,333000.237705221,6248533.71940382
1429869230.34695,-33.8903508497,151.1940526787,11136.7748552552,3.9404459498,333000.223235047,6248533.74223625
1429869230.34841,-33.890350523,151.19405252,11137.0919890025,3.9089236431,333000.207919864,6248533.77820031
1429869230.3499,-33.8903501302,151.1940523321,11137.4039310248,4.6907083717,333000.189778841,6248533.82145742
1429869230.35133,-33.8903498022,151.1940521777,11137.7166266846,3.9089236431,333000.17485804,6248533.85758688
1429869230.35276,-33.8903494707,151.1940520242,11138.0319182069,3.9404459498,333000.160016734,6248533.89408958
1429869230.3542,-33.8903491413,151.1940518741,11138.3464560916,3.9089236431,333000.1454934,6248533.93038064
1429869230.35563,-33.8903488112,151.1940517262,11138.6621663014,3.9089236431,333000.131169883,6248533.96675103
1429869230.35706,-33.8903484142,151.1940515513,11138.9807235862,4.6907083717,333000.114223499,6248534.01048997
1429869230.35855,-33.8903480814,151.1940514072,11139.2998670335,3.9246215011,333000.100248671,6248534.0471638
1429869230.35999,-33.8903477492,151.1940512659,11139.6185080558,3.9089236431,333000.086533255,6248534.08376784
1429869230.36298,-33.890347552,151.1940511291,11139.9297169996,3.9089236431,333000.073489209,6248534.10541967
1429869230.36441,-33.8903472186,151.1940509921,11140.2476881219,3.9089236431,333000.060176785,6248534.14217219
1429869230.36585,-33.8903468161,151.1940508299,11140.5633983317,4.7095458014,333000.044382832,6248534.18654035
1429869230.36728,-33.8903464801,151.1940506968,11140.8794434914,3.9246215011,333000.031425243,6248534.22358581
1429869230.36875,-33.8903461448,151.1940505666,11141.1985032012,3.9089236431,333000.018724175,6248534.26055406
1429869230.37022,-33.890345809,151.1940504385,11141.520242511,3.9089236431,333000.006230033,6248534.29759275
1429869230.37165,-33.8903454712,151.1940503123,11141.8326869583,3.9246215011,332999.993891713,6248534.33484904
1429869230.37308,-33.8903450651,151.1940501634,11142.1478110056,4.7095458014,332999.979330794,6248534.37963701
1429869230.37453,-33.8903447275,151.194050042,11142.4675406154,3.9089236431,332999.967451362,6248534.41687741
1429869230.37596,-33.8903443894,151.194049923,11142.7829996127,3.9089236431,332999.955778539,6248534.45418309
1429869230.37897,-33.8903442051,151.194049791,11143.0853668566,3.9246215011,332999.943218126,6248534.47439863
1429869230.3804,-33.8903438646,151.1940496759,11143.3985649414,3.9246215011,332999.931902244,6248534.5119781
1429869230.38185,-33.8903434569,151.1940495409,11143.7166198012,4.6907083717,332999.918625127,6248534.55696691
1429869230.38328,-33.8903431167,151.1940494307,11144.029817886,3.9089236431,332999.907767556,6248534.59451796
1429869230.38471,-33.8903427746,151.1940493222,11144.3430997082,3.9246215011,332999.897072662,6248534.63227884
1429869230.38616,-33.8903424334,151.1940492165,11144.660819618,3.9089236431,332999.886627806,6248534.66994678
1429869230.38761,-33.8903420917,151.194049113,11144.9807167028,3.9089236431,332999.876392705,6248534.70767225
1429869230.38908,-33.8903416811,151.1940489916,11145.2924075126,4.6907083717,332999.864360285,6248534.75300982
1429869230.39052,-33.8903413371,151.1940488922,11145.6083689349,3.9246215011,332999.85450092,6248534.79099743
1429869230.39195,-33.890340994,151.1940487955,11145.9262563197,3.9089236431,332999.844890424,6248534.82888683
1429869230.39494,-33.8903408388,151.1940486654,11146.225089937,3.9246215011,332999.832548388,6248534.84588055
1429869230.39636,-33.8903404949,151.1940485731,11146.5378693343,3.9089236431,332999.823344582,6248534.88387079
1429869230.39781,-33.89034008,151.1940484647,11146.8549193441,4.7095458014,332999.8125074,6248534.92970241
1429869230.39925,-33.8903397353,151.194048377,11147.1737278414,3.9089236431,332999.803723757,6248534.96779199
1429869230.40075,-33.8903393888,151.1940482912,11147.4897730012,3.9246215011,332999.795116843,6248535.0060828
1429869230.40223,-33.8903390432,151.194048208,11147.8015475484,3.9089236431,332999.78675343,6248535.04426685
1429869230.40366,-33.8903386265,151.1940481106,11148.1114798707,4.7095458014,332999.776926773,6248535.09032572
1429869230.40509,-33.8903382109,151.1940480162,11148.420239868,4.6907083717,332999.767387245,6248535.13625253
1429869230.40656,-33.8903378643,151.1940479398,11148.7260690528,3.9089236431,332999.759643017,6248535.17456696
1429869230.40803,-33.8903375174,151.1940478655,11149.0279625751,3.9089236431,332999.752102094,6248535.21292191
1429869230.4111,-33.8903373796,151.1940477421,11149.3023855278,3.9246215011,332999.740415522,6248535.22799634
1429869230.41253,-33.8903369626,151.194047658,11149.5966589376,4.6907083717,332999.731826755,6248535.27411041
1429869230.41396,-33.8903365451,151.1940475765,11149.8899274973,4.6907083717,332999.723474539,6248535.32026791
1429869230.41542,-33.890336197,151.1940475107,11150.1804327196,3.9089236431,332999.716710403,6248535.35876745
1429869230.41685,-33.8903358472,151.1940474468,11150.4708542044,3.9246215011,332999.710115147,6248535.39745554
1429869230.4183,-33.8903354986,151.1940473852,11150.7546604267,3.9089236431,332999.703739446,6248535.43602131
1429869230.4198,-33.8903350799,151.1940473137,11151.0353683615,4.6907083717,332999.696316683,6248535.48233737
1429869230.42123,-33.8903346592,151.1940472445,11151.3159925588,4.7095458014,332999.689091991,6248535.52887538
1429869230.42271,-33.8903343084,151.1940471888,11151.5891641186,3.9246215011,332999.683258907,6248535.56768569
1429869230.42415,-33.8903339588,151.1940471353,11151.8591536534,3.9089236431,332999.677632443,6248535.60636787
1429869230.42713,-33.8903338316,151.1940470317,11152.1109527885,3.9089236431,332999.667796313,6248535.62030138
1429869230.42858,-33.89033341,151.1940469718,11152.3773416107,4.7095458014,332999.66144068,6248535.66696601
1429869230.43004,-33.8903329881,151.1940469144,11152.643562958,4.7095458014,332999.655302007,6248535.71365968
1429869230.4315,-33.8903326377,151.1940468686,11152.9056811678,3.9089236431,332999.65038565,6248535.75243852
1429869230.43295,-33.8903322872,151.1940468247,11153.1677156401,3.9089236431,332999.645646722,6248535.79123943
1429869230.4344,-33.8903318664,151.1940467744,11153.4315923374,4.6907083717,332999.640173756,6248535.83782614
1429869230.43584,-33.8903314437,151.1940467262,11153.6879326597,4.7095458014,332999.634891209,6248535.88462439
1429869230.43727,-33.8903310225,151.1940466805,11153.943435607,4.6907083717,332999.62983804,6248535.9312585
1429869230.43878,-33.8903306714,151.1940466442,11154.1991060293,3.9089236431,332999.625800462,6248535.97013866
1429869230.44045,-33.8903303201,151.1940466098,11154.4481611891,3.9089236431,332999.621934173,6248536.00903622
1429869230.44394,-33.8903301507,151.1940465026,11154.6800246804,4.7285351397,332999.611692125,6248536.02764332
1429869230.4454,-33.8903297289,151.1940464656,11154.9357788402,4.6907083717,332999.607447258,6248536.07435794
1429869230.44683,-33.8903293774,151.1940464366,11155.1802284374,3.9089236431,332999.604079829,6248536.11330186
1429869230.44825,-33.8903290257,151.1940464094,11155.4193188347,3.9089236431,332999.600876762,6248536.15225964
1429869230.44978,-33.890328671,151.1940463838,11155.666615507,3.9404459498,332999.597814583,6248536.19154494
1429869230.45122,-33.8903282488,151.1940463554,11155.9093903543,4.6907083717,332999.594369398,6248536.23832533
1429869230.45273,-33.8903278264,151.1940463292,11156.1551797516,4.6907083717,332999.591123692,6248536.28511999
1429869230.45423,-33.8903274744,151.1940463092,11156.3977871239,3.9089236431,332999.588585164,6248536.32412671
1429869230.45566,-33.8903271195,151.1940462908,11156.6326906462,3.9404459498,332999.58619004,6248536.36345831
1429869230.45708,-33.8903266969,151.1940462709,11156.8680965935,4.6907083717,332999.583531068,6248536.41028997
1429869230.46014,-33.8903265366,151.1940461727,11157.0777685439,4.6907083717,332999.574133137,6248536.42789985
1429869230.46162,-33.8903261139,151.1940461568,11157.3114160036,4.6907083717,332999.571837315,6248536.47475072
1429869230.46305,-33.8903257602,151.1940461452,11157.5448122509,3.9246215011,332999.570076227,6248536.5139574
1429869230.46447,-33.8903254079,151.1940461354,11157.7736866732,3.9089236431,332999.568479727,6248536.55301402
1429869230.46593,-33.8903249851,151.1940461256,11157.999127858,4.6907083717,332999.566749757,6248536.5998892
1429869230.46736,-33.8903245622,151.1940461178,11158.2218057053,4.6907083717,332999.565203109,6248536.64677077
1429869230.46879,-33.8903241376,151.1940461119,11158.4409665776,4.7095458014,332999.563831751,6248536.69384626
1429869230.47026,-33.8903237838,151.1940461086,11158.6539308749,3.9246215011,332999.562836895,6248536.73307987
1429869230.47169,-33.8903233609,151.1940461065,11158.8670626472,4.6907083717,332999.561822214,6248536.77997597
1429869230.47311,-33.8903229379,151.1940461064,11159.077431082,4.6907083717,332999.560980855,6248536.82687551
1429869230.47609,-33.8903227929,151.1940460365,11159.2635489554,4.7095458014,332999.554238659,6248536.84285017
1429869230.47753,-33.890322439,151.1940460393,11159.4759270902,3.9246215011,332999.553806954,6248536.88209401
1429869230.47896,-33.8903220866,151.1940460436,11159.6761632875,3.9089236431,332999.553517719,6248536.92118218
1429869230.48041,-33.8903216638,151.1940460505,11159.8733849348,4.6907083717,332999.553333331,6248536.9680889
1429869230.48185,-33.8903212392,151.1940460592,11160.072783757,4.7095458014,332999.553311207,6248537.01518435
1429869230.48328,-33.8903208164,151.1940460697,11160.2700054043,4.6907083717,332999.553451525,6248537.06209122
1429869230.48471,-33.8903204641,151.1940460798,11160.4639612891,3.9089236431,332999.553701893,6248537.10117966
1429869230.48615,-33.8903200413,151.1940460937,11160.6540652489,4.6907083717,332999.55415954,6248537.14808451
1429869230.48758,-33.8903196169,151.1940461093,11160.8429968837,4.7095458014,332999.554774793,6248537.19517595
1429869230.48905,-33.8903191942,151.1940461265,11161.0310911435,4.6907083717,332999.555541901,6248537.24207676
1429869230.49054,-33.8903187716,151.1940461453,11161.2165895408,4.6907083717,332999.556461911,6248537.28897482
1429869230.49352,-33.8903187128,151.1940460746,11161.3785137102,3.9089236431,332999.549805004,6248537.29538206
1429869230.49496,-33.8903182886,151.1940460966,11161.5641795825,4.7095458014,332999.551014275,6248537.34246199
1429869230.49638,-33.8903178661,151.1940461202,11161.7459097923,4.6907083717,332999.552369044,6248537.38934951
1429869230.49782,-33.890317442,151.1940461454,11161.9268863646,4.7095458014,332999.553878251,6248537.43642078
1429869230.49927,-33.8903170901,151.1940461677,11162.1077791994,3.9089236431,332999.555254263,6248537.47548579
1429869230.50071,-33.8903166661,151.1940461962,11162.2861599092,4.7095458014,332999.557059666,6248537.52254662
1429869230.50217,-33.890316244,151.1940462261,11162.4602700065,4.6907083717,332999.559002021,6248537.56941348
1429869230.5036,-33.8903158202,151.1940462577,11162.6368922288,4.7095458014,332999.56109619,6248537.61646235
1429869230.50503,-33.8903153982,151.1940462907,11162.8154404135,4.6907083717,332999.563327214,6248537.66331635
1429869230.50647,-33.8903150451,151.1940463196,11162.9901366733,3.9246215011,332999.565314703,6248537.70251221
1429869230.50791,-33.8903146233,151.1940463557,11163.1611484831,4.6907083717,332999.56783147,6248537.74935172
1429869230.50938,-33.8903142015,151.1940463933,11163.3336675679,4.6907083717,332999.570488645,6248537.79618348
1429869230.51239,-33.890314106,151.1940463236,11163.4772116521,4.6907083717,332999.563847888,6248537.80666644
1429869230.51385,-33.8903137533,151.1940463574,11163.6566809494,3.9246215011,332999.566289581,6248537.84583663
1429869230.51531,-33.8903133318,151.1940463994,11163.8317958967,4.6907083717,332999.569352745,6248537.89264359
1429869230.51674,-33.8903129105,151.1940464429,11163.9974485064,4.6907083717,332999.572555087,6248537.93944124
1429869230.51818,-33.8903124875,151.1940464881,11164.1635198037,4.7095458014,332999.575906291,6248537.98641731
1429869230.51964,-33.8903120647,151.1940465347,11164.3278326135,4.7095458014,332999.57939292,6248538.03338353
1429869230.52107,-33.8903116437,151.1940465825,11164.4890471358,4.6907083717,332999.582998475,6248538.08015183
1429869230.52458,-33.8903115489,151.1940465321,11164.6208957926,4.6907083717,332999.578148837,6248538.09058491
1429869230.52607,-33.8903111263,151.1940465827,11164.7785933399,4.7095458014,332999.582007559,6248538.13752202
1429869230.5275,-33.890310704,151.1940466347,11164.9355372496,4.7095458014,332999.585995145,6248538.18444836
1429869230.52893,-33.8903103535,151.1940466791,11165.0897178219,3.9089236431,332999.589410578,6248538.22338809
1429869230.53043,-33.890309933,151.1940467336,11165.2421399067,4.6907083717,332999.593634109,6248538.27010465
1429869230.53186,-33.890309511,151.1940467897,11165.395650579,4.7095458014,332999.597999809,6248538.31699732
1429869230.53328,-33.8903090891,151.1940468472,11165.5482401388,4.7095458014,332999.602490754,6248538.36387817
1429869230.53473,-33.890308669,151.1940469057,11165.6967265611,4.6907083717,332999.607086402,6248538.41055958
1429869230.53618,-33.890308249,151.1940469656,11165.8456316709,4.6907083717,332999.611803183,6248538.45722891
1429869230.53763,-33.8903078292,151.1940470267,11165.9913547557,4.6907083717,332999.616639941,6248538.50388596
1429869230.54066,-33.8903077534,151.1940469779,11166.1084669256,4.7095458014,332999.611980027,6248538.51221346
1429869230.5421,-33.8903073338,151.1940470414,11166.2505892979,4.6907083717,332999.6170293,6248538.55884799
1429869230.54353,-33.8903069144,151.194047106,11166.3878548952,4.6907083717,332999.622192258,6248538.60547007
1429869230.54496,-33.890306495,151.1940471719,11166.522357155,4.6907083717,332999.627465771,6248538.65207978
1429869230.5464,-33.8903060724,151.1940472395,11166.6584504272,4.7285351397,332999.632892747,6248538.69905267
1429869230.54783,-33.8903056534,151.1940473077,11166.7908592495,4.6907083717,332999.638385478,6248538.74563705
1429869230.54926,-33.8903052344,151.1940473771,11166.9205884718,4.6907083717,332999.643984759,6248538.79220874
1429869230.55077,-33.8903048156,151.1940474476,11167.0488104191,4.6907083717,332999.649688861,6248538.83876771
1429869230.55221,-33.8903043936,151.1940475198,11167.1755250914,4.7285351397,332999.655543365,6248538.88568923
1429869230.55366,-33.890303975,151.1940475925,11167.3034958262,4.6907083717,332999.661454472,6248538.93222238
1429869230.55662,-33.8903039096,151.1940475249,11167.3991441246,4.6907083717,332999.655068872,6248538.93936689
1429869230.55806,-33.8903034913,151.1940475995,11167.5205833344,4.6907083717,332999.661158896,6248538.98587696
1429869230.55948,-33.8903030715,151.1940476756,11167.6441159817,4.7095458014,332999.66737319,6248539.03256063
1429869230.56098,-33.8903026534,151.1940477524,11167.7660576165,4.6907083717,332999.673662218,6248539.0790442
1429869230.56244,-33.8903022355,151.1940478303,11167.8883342013,4.6907083717,332999.680050298,6248539.12551426
1429869230.56386,-33.8903018178,151.1940479092,11168.0086010861,4.6907083717,332999.686536722,6248539.1719707
1429869230.5653,-33.8903013985,151.1940479895,11168.1246810958,4.7095458014,332999.693145382,6248539.21860018
1429869230.56674,-33.890300981,151.1940480705,11168.2415147431,4.6907083717,332999.699821993,6248539.26502967
